name,longitude,latitude,minElevation,maxCloudCover,priority,exposure,capture_mode,default_capture_mode,start_times,end_times
trondheim,63.50,10.39,50,15,2720,50,wide,1,"[datetime.datetime(2024, 11, 24, 20, 10, 42, tzinfo=datetime.timezone.utc), datetime.datetime(2024, 11, 25, 10, 30, 10, tzinfo=datetime.timezone.utc), datetime.datetime(2024, 11, 25, 19, 41, 38, tzinfo=datetime.timezone.utc), '', '', '', '']","[datetime.datetime(2024, 11, 24, 20, 11, 35, tzinfo=datetime.timezone.utc), datetime.datetime(2024, 11, 25, 10, 30, 36, tzinfo=datetime.timezone.utc), datetime.datetime(2024, 11, 25, 19, 41, 27, tzinfo=datetime.timezone.utc), '', '', '', '']"
buvika,63.32,10.18,40,20,2710,40,wide,0,"[datetime.datetime(2024, 11, 24, 20, 10, 20, tzinfo=datetime.timezone.utc), datetime.datetime(2024, 11, 25, 10, 29, 49, tzinfo=datetime.timezone.utc), datetime.datetime(2024, 11, 25, 19, 41, 5, tzinfo=datetime.timezone.utc), '', '', '', '']","[datetime.datetime(2024, 11, 24, 20, 11, 52, tzinfo=datetime.timezone.utc), datetime.datetime(2024, 11, 25, 10, 31, 3, tzinfo=datetime.timezone.utc), datetime.datetime(2024, 11, 25, 19, 41, 57, tzinfo=datetime.timezone.utc), '', '', '', '']"
trondheimnorth,63.54,10.32,30,20,2709,40,wide,0,"[datetime.datetime(2024, 11, 24, 9, 26, 5, tzinfo=datetime.timezone.utc), datetime.datetime(2024, 11, 24, 10, 59, 21, tzinfo=datetime.timezone.utc), datetime.datetime(2024, 11, 24, 20, 9, 56, tzinfo=datetime.timezone.utc), datetime.datetime(2024, 11, 25, 10, 29, 16, tzinfo=datetime.timezone.utc), datetime.datetime(2024, 11, 25, 19, 40, 33, tzinfo=datetime.timezone.utc), '', '']","[datetime.datetime(2024, 11, 24, 9, 27, 26, tzinfo=datetime.timezone.utc), datetime.datetime(2024, 11, 24, 11, 0, 26, tzinfo=datetime.timezone.utc), datetime.datetime(2024, 11, 24, 20, 12, 24, tzinfo=datetime.timezone.utc), datetime.datetime(2024, 11, 25, 10, 31, 30, tzinfo=datetime.timezone.utc), datetime.datetime(2024, 11, 25, 19, 42, 36, tzinfo=datetime.timezone.utc), '', '']"
frohavet,63.70,9.34,40,20,2700,40,wide,0,"[datetime.datetime(2024, 11, 24, 20, 10, 28, tzinfo=datetime.timezone.utc), datetime.datetime(2024, 11, 25, 10, 29, 42, tzinfo=datetime.timezone.utc), datetime.datetime(2024, 11, 25, 19, 41, 16, tzinfo=datetime.timezone.utc), '', '', '', '']","[datetime.datetime(2024, 11, 24, 20, 12, tzinfo=datetime.timezone.utc), datetime.datetime(2024, 11, 25, 10, 31, 4, tzinfo=datetime.timezone.utc), datetime.datetime(2024, 11, 25, 19, 42, 1, tzinfo=datetime.timezone.utc), '', '', '', '']"
ingdalen,63.55,9.84,30,20,2690,50,wide,0,"[datetime.datetime(2024, 11, 24, 9, 26, 10, tzinfo=datetime.timezone.utc), datetime.datetime(2024, 11, 24, 10, 59, 18, tzinfo=datetime.timezone.utc), datetime.datetime(2024, 11, 24, 20, 9, 57, tzinfo=datetime.timezone.utc), datetime.datetime(2024, 11, 25, 10, 29, 15, tzinfo=datetime.timezone.utc), datetime.datetime(2024, 11, 25, 19, 40, 35, tzinfo=datetime.timezone.utc), '', '']","[datetime.datetime(2024, 11, 24, 9, 27, 22, tzinfo=datetime.timezone.utc), datetime.datetime(2024, 11, 24, 11, 0, 32, tzinfo=datetime.timezone.utc), datetime.datetime(2024, 11, 24, 20, 12, 25, tzinfo=datetime.timezone.utc), datetime.datetime(2024, 11, 25, 10, 31, 32, tzinfo=datetime.timezone.utc), datetime.datetime(2024, 11, 25, 19, 42, 35, tzinfo=datetime.timezone.utc), '', '']"
lakeanoya,63.21,10.18,30,20,2670,40,wide,0,"[datetime.datetime(2024, 11, 24, 9, 26, 11, tzinfo=datetime.timezone.utc), datetime.datetime(2024, 11, 24, 10, 59, 28, tzinfo=datetime.timezone.utc), datetime.datetime(2024, 11, 24, 20, 9, 51, tzinfo=datetime.timezone.utc), datetime.datetime(2024, 11, 25, 10, 29, 21, tzinfo=datetime.timezone.utc), datetime.datetime(2024, 11, 25, 19, 40, 31, tzinfo=datetime.timezone.utc), '', '']","[datetime.datetime(2024, 11, 24, 9, 27, 31, tzinfo=datetime.timezone.utc), datetime.datetime(2024, 11, 24, 11, 0, 29, tzinfo=datetime.timezone.utc), datetime.datetime(2024, 11, 24, 20, 12, 19, tzinfo=datetime.timezone.utc), datetime.datetime(2024, 11, 25, 10, 31, 35, tzinfo=datetime.timezone.utc), datetime.datetime(2024, 11, 25, 19, 42, 29, tzinfo=datetime.timezone.utc), '', '']"
stjordal,63.46,10.87,40,20,2661,40,wide,0,"[datetime.datetime(2024, 11, 24, 9, 27, 1, tzinfo=datetime.timezone.utc), datetime.datetime(2024, 11, 24, 20, 10, 21, tzinfo=datetime.timezone.utc), datetime.datetime(2024, 11, 25, 10, 29, 47, tzinfo=datetime.timezone.utc), datetime.datetime(2024, 11, 25, 19, 41, 1, tzinfo=datetime.timezone.utc), '', '', '']","[datetime.datetime(2024, 11, 24, 9, 26, 32, tzinfo=datetime.timezone.utc), datetime.datetime(2024, 11, 24, 20, 11, 54, tzinfo=datetime.timezone.utc), datetime.datetime(2024, 11, 25, 10, 30, 58, tzinfo=datetime.timezone.utc), datetime.datetime(2024, 11, 25, 19, 42, 2, tzinfo=datetime.timezone.utc), '', '', '']"
frohavetnorth,64.09,9.43,40,20,2650,50,wide,0,"[datetime.datetime(2024, 11, 24, 11, 0, 4, tzinfo=datetime.timezone.utc), datetime.datetime(2024, 11, 24, 20, 10, 33, tzinfo=datetime.timezone.utc), datetime.datetime(2024, 11, 25, 10, 29, 36, tzinfo=datetime.timezone.utc), datetime.datetime(2024, 11, 25, 19, 41, 19, tzinfo=datetime.timezone.utc), '', '', '']","[datetime.datetime(2024, 11, 24, 10, 59, 35, tzinfo=datetime.timezone.utc), datetime.datetime(2024, 11, 24, 20, 12, 6, tzinfo=datetime.timezone.utc), datetime.datetime(2024, 11, 25, 10, 30, 59, tzinfo=datetime.timezone.utc), datetime.datetime(2024, 11, 25, 19, 42, 11, tzinfo=datetime.timezone.utc), '', '', '']"
frohavetwest,64.03,8.50,40,20,2640,50,wide,0,"[datetime.datetime(2024, 11, 24, 10, 59, 50, tzinfo=datetime.timezone.utc), datetime.datetime(2024, 11, 24, 20, 10, 35, tzinfo=datetime.timezone.utc), datetime.datetime(2024, 11, 25, 10, 29, 38, tzinfo=datetime.timezone.utc), datetime.datetime(2024, 11, 25, 19, 41, 27, tzinfo=datetime.timezone.utc), '', '', '']","[datetime.datetime(2024, 11, 24, 10, 59, 56, tzinfo=datetime.timezone.utc), datetime.datetime(2024, 11, 24, 20, 12, 7, tzinfo=datetime.timezone.utc), datetime.datetime(2024, 11, 25, 10, 31, 4, tzinfo=datetime.timezone.utc), datetime.datetime(2024, 11, 25, 19, 42, 6, tzinfo=datetime.timezone.utc), '', '', '']"
frohavetsouth,63.11,6.50,40,20,2630,50,wide,0,"[datetime.datetime(2024, 11, 24, 10, 59, 58, tzinfo=datetime.timezone.utc), datetime.datetime(2024, 11, 24, 20, 10, 32, tzinfo=datetime.timezone.utc), datetime.datetime(2024, 11, 25, 10, 29, 54, tzinfo=datetime.timezone.utc), '', '', '', '']","[datetime.datetime(2024, 11, 24, 11, 0, 26, tzinfo=datetime.timezone.utc), datetime.datetime(2024, 11, 24, 20, 11, 54, tzinfo=datetime.timezone.utc), datetime.datetime(2024, 11, 25, 10, 31, 24, tzinfo=datetime.timezone.utc), '', '', '', '']"
griegesperanza,49.88,-126.77,50,15,2620,40,wide,0,"[datetime.datetime(2024, 11, 24, 18, 53, 46, tzinfo=datetime.timezone.utc), datetime.datetime(2024, 11, 25, 5, 31, 23, tzinfo=datetime.timezone.utc), '', '', '', '', '']","[datetime.datetime(2024, 11, 24, 18, 54, 37, tzinfo=datetime.timezone.utc), datetime.datetime(2024, 11, 25, 5, 31, 55, tzinfo=datetime.timezone.utc), '', '', '', '', '']"
griegclio,50.60,-126.38,50,30,2610,40,wide,0,"[datetime.datetime(2024, 11, 24, 18, 53, 34, tzinfo=datetime.timezone.utc), datetime.datetime(2024, 11, 25, 5, 31, 28, tzinfo=datetime.timezone.utc), '', '', '', '', '']","[datetime.datetime(2024, 11, 24, 18, 54, 25, tzinfo=datetime.timezone.utc), datetime.datetime(2024, 11, 25, 5, 32, 9, tzinfo=datetime.timezone.utc), '', '', '', '', '']"
griegnootka,49.71,-126.58,50,30,2600,30,wide,0,"[datetime.datetime(2024, 11, 24, 18, 53, 48, tzinfo=datetime.timezone.utc), datetime.datetime(2024, 11, 25, 5, 31, 19, tzinfo=datetime.timezone.utc), '', '', '', '', '']","[datetime.datetime(2024, 11, 24, 18, 54, 39, tzinfo=datetime.timezone.utc), datetime.datetime(2024, 11, 25, 5, 31, 53, tzinfo=datetime.timezone.utc), '', '', '', '', '']"
griegokisollo,50.32,-125.26,50,30,2590,30,wide,0,"[datetime.datetime(2024, 11, 24, 18, 53, 37, tzinfo=datetime.timezone.utc), datetime.datetime(2024, 11, 25, 5, 31, 18, tzinfo=datetime.timezone.utc), '', '', '', '', '']","[datetime.datetime(2024, 11, 24, 18, 54, 24, tzinfo=datetime.timezone.utc), datetime.datetime(2024, 11, 25, 5, 32, 6, tzinfo=datetime.timezone.utc), '', '', '', '', '']"
catala,49.78,-127.1,40,15,2580,35,wide,0,"[datetime.datetime(2024, 11, 24, 18, 53, 28, tzinfo=datetime.timezone.utc), datetime.datetime(2024, 11, 25, 5, 31, 1, tzinfo=datetime.timezone.utc), '', '', '', '', '']","[datetime.datetime(2024, 11, 24, 18, 54, 58, tzinfo=datetime.timezone.utc), datetime.datetime(2024, 11, 25, 5, 32, 16, tzinfo=datetime.timezone.utc), '', '', '', '', '']"
vancouver,49.11,-123.12,40,15,2570,35,wide,0,"[datetime.datetime(2024, 11, 24, 18, 53, 40, tzinfo=datetime.timezone.utc), datetime.datetime(2024, 11, 25, 5, 30, 33, tzinfo=datetime.timezone.utc), datetime.datetime(2024, 11, 25, 18, 24, 1, tzinfo=datetime.timezone.utc), datetime.datetime(2024, 11, 26, 5, 2, 1, tzinfo=datetime.timezone.utc), '', '', '']","[datetime.datetime(2024, 11, 24, 18, 54, 46, tzinfo=datetime.timezone.utc), datetime.datetime(2024, 11, 25, 5, 32, 4, tzinfo=datetime.timezone.utc), datetime.datetime(2024, 11, 25, 18, 25, 13, tzinfo=datetime.timezone.utc), datetime.datetime(2024, 11, 26, 5, 1, 27, tzinfo=datetime.timezone.utc), '', '', '']"
blubberbay,49.8,-124.62,40,20,2560,35,wide,0,"[datetime.datetime(2024, 11, 24, 18, 53, 25, tzinfo=datetime.timezone.utc), datetime.datetime(2024, 11, 25, 5, 30, 47, tzinfo=datetime.timezone.utc), datetime.datetime(2024, 11, 25, 18, 24, 6, tzinfo=datetime.timezone.utc), '', '', '', '']","[datetime.datetime(2024, 11, 24, 18, 54, 48, tzinfo=datetime.timezone.utc), datetime.datetime(2024, 11, 25, 5, 32, 17, tzinfo=datetime.timezone.utc), datetime.datetime(2024, 11, 25, 18, 24, 52, tzinfo=datetime.timezone.utc), '', '', '', '']"
deepbay,49.46,-124.74,40,30,2550,35,wide,0,"[datetime.datetime(2024, 11, 24, 18, 53, 31, tzinfo=datetime.timezone.utc), datetime.datetime(2024, 11, 25, 5, 30, 43, tzinfo=datetime.timezone.utc), datetime.datetime(2024, 11, 25, 18, 24, 12, tzinfo=datetime.timezone.utc), '', '', '', '']","[datetime.datetime(2024, 11, 24, 18, 54, 54, tzinfo=datetime.timezone.utc), datetime.datetime(2024, 11, 25, 5, 32, 12, tzinfo=datetime.timezone.utc), datetime.datetime(2024, 11, 25, 18, 24, 57, tzinfo=datetime.timezone.utc), '', '', '', '']"
sechelt,49.3,-123.77,40,30,2540,35,wide,0,"[datetime.datetime(2024, 11, 24, 18, 53, 35, tzinfo=datetime.timezone.utc), datetime.datetime(2024, 11, 25, 5, 30, 37, tzinfo=datetime.timezone.utc), datetime.datetime(2024, 11, 25, 18, 24, 3, tzinfo=datetime.timezone.utc), '', '', '', '']","[datetime.datetime(2024, 11, 24, 18, 54, 49, tzinfo=datetime.timezone.utc), datetime.datetime(2024, 11, 25, 5, 32, 8, tzinfo=datetime.timezone.utc), datetime.datetime(2024, 11, 25, 18, 25, 6, tzinfo=datetime.timezone.utc), '', '', '', '']"
whalersbay,48.89,-123.33,40,30,2530,35,wide,0,"[datetime.datetime(2024, 11, 24, 18, 53, 43, tzinfo=datetime.timezone.utc), datetime.datetime(2024, 11, 25, 5, 30, 30, tzinfo=datetime.timezone.utc), datetime.datetime(2024, 11, 25, 18, 24, 5, tzinfo=datetime.timezone.utc), '', '', '', '']","[datetime.datetime(2024, 11, 24, 18, 54, 50, tzinfo=datetime.timezone.utc), datetime.datetime(2024, 11, 25, 5, 32, 1, tzinfo=datetime.timezone.utc), datetime.datetime(2024, 11, 25, 18, 25, 16, tzinfo=datetime.timezone.utc), '', '', '', '']"
checleset,49.58,-127.5,30,60,2520,35,wide,0,"[datetime.datetime(2024, 11, 24, 18, 53, 5, tzinfo=datetime.timezone.utc), datetime.datetime(2024, 11, 25, 5, 30, 31, tzinfo=datetime.timezone.utc), datetime.datetime(2024, 11, 25, 18, 24, 5, tzinfo=datetime.timezone.utc), '', '', '', '']","[datetime.datetime(2024, 11, 24, 18, 55, 30, tzinfo=datetime.timezone.utc), datetime.datetime(2024, 11, 25, 5, 32, 42, tzinfo=datetime.timezone.utc), datetime.datetime(2024, 11, 25, 18, 25, 8, tzinfo=datetime.timezone.utc), '', '', '', '']"
mjosa,60.7043,11.0459,40,20,2510,35,wide,0,"[datetime.datetime(2024, 11, 24, 9, 27, 19, tzinfo=datetime.timezone.utc), datetime.datetime(2024, 11, 24, 20, 9, 40, tzinfo=datetime.timezone.utc), datetime.datetime(2024, 11, 25, 10, 30, 43, tzinfo=datetime.timezone.utc), datetime.datetime(2024, 11, 25, 19, 40, 40, tzinfo=datetime.timezone.utc), '', '', '']","[datetime.datetime(2024, 11, 24, 9, 27, 39, tzinfo=datetime.timezone.utc), datetime.datetime(2024, 11, 24, 20, 11, 13, tzinfo=datetime.timezone.utc), datetime.datetime(2024, 11, 25, 10, 31, 20, tzinfo=datetime.timezone.utc), datetime.datetime(2024, 11, 25, 19, 41, 3, tzinfo=datetime.timezone.utc), '', '', '']"
campbellriver,50.01924387812201,-125.31197202271731,50,30,2500,40,wide,0,"[datetime.datetime(2024, 11, 24, 18, 53, 42, tzinfo=datetime.timezone.utc), datetime.datetime(2024, 11, 25, 5, 31, 14, tzinfo=datetime.timezone.utc), '', '', '', '', '']","[datetime.datetime(2024, 11, 24, 18, 54, 29, tzinfo=datetime.timezone.utc), datetime.datetime(2024, 11, 25, 5, 32, 1, tzinfo=datetime.timezone.utc), '', '', '', '', '']"
vigo,42.271441,-8.710142,60,30,2490,30,wide,0,"['', '', '', '', '', '', '']","['', '', '', '', '', '', '']"
griegloppa,70.27,22.34,50,10,2480,35,wide,0,"[datetime.datetime(2024, 11, 24, 9, 24, 28, tzinfo=datetime.timezone.utc), datetime.datetime(2024, 11, 24, 18, 38, 51, tzinfo=datetime.timezone.utc), datetime.datetime(2024, 11, 25, 10, 28, 28, tzinfo=datetime.timezone.utc), '', '', '', '']","[datetime.datetime(2024, 11, 24, 9, 25, 5, tzinfo=datetime.timezone.utc), datetime.datetime(2024, 11, 24, 18, 39, 34, tzinfo=datetime.timezone.utc), datetime.datetime(2024, 11, 25, 10, 28, 7, tzinfo=datetime.timezone.utc), '', '', '', '']"
grieghammerfest,70.51,23.53,40,15,2470,35,wide,0,"[datetime.datetime(2024, 11, 24, 9, 23, 58, tzinfo=datetime.timezone.utc), datetime.datetime(2024, 11, 24, 18, 38, 28, tzinfo=datetime.timezone.utc), datetime.datetime(2024, 11, 25, 8, 54, 45, tzinfo=datetime.timezone.utc), datetime.datetime(2024, 11, 25, 10, 27, 47, tzinfo=datetime.timezone.utc), datetime.datetime(2024, 11, 25, 18, 9, 11, tzinfo=datetime.timezone.utc), datetime.datetime(2024, 11, 25, 19, 42, 42, tzinfo=datetime.timezone.utc), '']","[datetime.datetime(2024, 11, 24, 9, 25, 24, tzinfo=datetime.timezone.utc), datetime.datetime(2024, 11, 24, 18, 39, 58, tzinfo=datetime.timezone.utc), datetime.datetime(2024, 11, 25, 8, 55, 12, tzinfo=datetime.timezone.utc), datetime.datetime(2024, 11, 25, 10, 28, 34, tzinfo=datetime.timezone.utc), datetime.datetime(2024, 11, 25, 18, 10, 4, tzinfo=datetime.timezone.utc), datetime.datetime(2024, 11, 25, 19, 43, tzinfo=datetime.timezone.utc), '']"
griegnordkapp,70.93,25.75,60,5,2460,35,wide,0,"[datetime.datetime(2024, 11, 24, 9, 24, 23, tzinfo=datetime.timezone.utc), datetime.datetime(2024, 11, 24, 18, 39, 4, tzinfo=datetime.timezone.utc), '', '', '', '', '']","[datetime.datetime(2024, 11, 24, 9, 24, 39, tzinfo=datetime.timezone.utc), datetime.datetime(2024, 11, 24, 18, 39, 27, tzinfo=datetime.timezone.utc), '', '', '', '', '']"
rogaland,59.17,5.67,60,10,2450,35,wide,0,"[datetime.datetime(2024, 11, 25, 10, 31, 38, tzinfo=datetime.timezone.utc), '', '', '', '', '', '']","[datetime.datetime(2024, 11, 25, 10, 31, 39, tzinfo=datetime.timezone.utc), '', '', '', '', '', '']"
barentssea1,75.0313,26.0859,50,15,2440,45,wide,0,"[datetime.datetime(2024, 11, 24, 9, 23, 18, tzinfo=datetime.timezone.utc), datetime.datetime(2024, 11, 24, 10, 56, 39, tzinfo=datetime.timezone.utc), datetime.datetime(2024, 11, 24, 18, 39, 51, tzinfo=datetime.timezone.utc), datetime.datetime(2024, 11, 25, 10, 26, 45, tzinfo=datetime.timezone.utc), datetime.datetime(2024, 11, 25, 18, 10, 5, tzinfo=datetime.timezone.utc), '', '']","[datetime.datetime(2024, 11, 24, 9, 23, 42, tzinfo=datetime.timezone.utc), datetime.datetime(2024, 11, 24, 10, 56, 42, tzinfo=datetime.timezone.utc), datetime.datetime(2024, 11, 24, 18, 40, 32, tzinfo=datetime.timezone.utc), datetime.datetime(2024, 11, 25, 10, 27, 28, tzinfo=datetime.timezone.utc), datetime.datetime(2024, 11, 25, 18, 10, 58, tzinfo=datetime.timezone.utc), '', '']"
barentssea2,76.1483,29.6704,50,15,2435,45,wide,0,"[datetime.datetime(2024, 11, 24, 9, 22, 52, tzinfo=datetime.timezone.utc), datetime.datetime(2024, 11, 24, 10, 56, 14, tzinfo=datetime.timezone.utc), datetime.datetime(2024, 11, 24, 17, 6, 51, tzinfo=datetime.timezone.utc), datetime.datetime(2024, 11, 24, 18, 40, 21, tzinfo=datetime.timezone.utc), datetime.datetime(2024, 11, 25, 10, 26, 23, tzinfo=datetime.timezone.utc), datetime.datetime(2024, 11, 25, 16, 37, 44, tzinfo=datetime.timezone.utc), datetime.datetime(2024, 11, 25, 18, 10, 16, tzinfo=datetime.timezone.utc)]","[datetime.datetime(2024, 11, 24, 9, 23, 26, tzinfo=datetime.timezone.utc), datetime.datetime(2024, 11, 24, 10, 56, 24, tzinfo=datetime.timezone.utc), datetime.datetime(2024, 11, 24, 17, 7, 24, tzinfo=datetime.timezone.utc), datetime.datetime(2024, 11, 24, 18, 40, 24, tzinfo=datetime.timezone.utc), datetime.datetime(2024, 11, 25, 10, 27, 6, tzinfo=datetime.timezone.utc), datetime.datetime(2024, 11, 25, 16, 37, 22, tzinfo=datetime.timezone.utc), datetime.datetime(2024, 11, 25, 18, 11, 2, tzinfo=datetime.timezone.utc)]"
barentssea4,72.0984,42.5671,50,15,2430,45,wide,0,"[datetime.datetime(2024, 11, 24, 7, 50, 42, tzinfo=datetime.timezone.utc), datetime.datetime(2024, 11, 24, 9, 23, 48, tzinfo=datetime.timezone.utc), datetime.datetime(2024, 11, 24, 17, 5, 24, tzinfo=datetime.timezone.utc), datetime.datetime(2024, 11, 25, 8, 53, 40, tzinfo=datetime.timezone.utc), datetime.datetime(2024, 11, 25, 18, 9, 25, tzinfo=datetime.timezone.utc), '', '']","[datetime.datetime(2024, 11, 24, 7, 50, 4, tzinfo=datetime.timezone.utc), datetime.datetime(2024, 11, 24, 9, 23, 21, tzinfo=datetime.timezone.utc), datetime.datetime(2024, 11, 24, 17, 6, 5, tzinfo=datetime.timezone.utc), datetime.datetime(2024, 11, 25, 8, 54, 23, tzinfo=datetime.timezone.utc), datetime.datetime(2024, 11, 25, 18, 9, 16, tzinfo=datetime.timezone.utc), '', '']"
barentssea5,72.4790,47.3263,50,15,2425,45,wide,0,"[datetime.datetime(2024, 11, 24, 7, 49, 55, tzinfo=datetime.timezone.utc), datetime.datetime(2024, 11, 24, 17, 5, 13, tzinfo=datetime.timezone.utc), datetime.datetime(2024, 11, 25, 8, 53, 33, tzinfo=datetime.timezone.utc), datetime.datetime(2024, 11, 25, 16, 35, 46, tzinfo=datetime.timezone.utc), '', '', '']","[datetime.datetime(2024, 11, 24, 7, 50, 27, tzinfo=datetime.timezone.utc), datetime.datetime(2024, 11, 24, 17, 6, 6, tzinfo=datetime.timezone.utc), datetime.datetime(2024, 11, 25, 8, 53, 55, tzinfo=datetime.timezone.utc), datetime.datetime(2024, 11, 25, 16, 36, 19, tzinfo=datetime.timezone.utc), '', '', '']"
barentssea3,69.7891,38.6458,50,15,2432,45,wide,0,"[datetime.datetime(2024, 11, 25, 8, 54, 20, tzinfo=datetime.timezone.utc), datetime.datetime(2024, 11, 25, 18, 8, 28, tzinfo=datetime.timezone.utc), '', '', '', '', '']","[datetime.datetime(2024, 11, 25, 8, 55, 4, tzinfo=datetime.timezone.utc), datetime.datetime(2024, 11, 25, 18, 9, 15, tzinfo=datetime.timezone.utc), '', '', '', '', '']"
norwegiansea,65.4120,8.9138,50,15,2421,45,wide,0,"[datetime.datetime(2024, 11, 24, 20, 11, 14, tzinfo=datetime.timezone.utc), datetime.datetime(2024, 11, 25, 10, 29, 35, tzinfo=datetime.timezone.utc), datetime.datetime(2024, 11, 25, 19, 42, 2, tzinfo=datetime.timezone.utc), '', '', '', '']","[datetime.datetime(2024, 11, 24, 20, 12, 6, tzinfo=datetime.timezone.utc), datetime.datetime(2024, 11, 25, 10, 30, 23, tzinfo=datetime.timezone.utc), datetime.datetime(2024, 11, 25, 19, 42, 6, tzinfo=datetime.timezone.utc), '', '', '', '']"
ijsselmeer,52.7324,5.5132,50,15,2414,45,wide,0,"[datetime.datetime(2024, 11, 25, 21, 12, 22, tzinfo=datetime.timezone.utc), '', '', '', '', '', '']","[datetime.datetime(2024, 11, 25, 21, 11, 56, tzinfo=datetime.timezone.utc), '', '', '', '', '', '']"
englishatlantic,59.9411,-3.7930,50,15,2411,45,wide,0,"[datetime.datetime(2024, 11, 24, 11, 1, tzinfo=datetime.timezone.utc), datetime.datetime(2024, 11, 25, 10, 32, 8, tzinfo=datetime.timezone.utc), datetime.datetime(2024, 11, 25, 21, 13, 52, tzinfo=datetime.timezone.utc), '', '', '', '']","[datetime.datetime(2024, 11, 24, 11, 1, 51, tzinfo=datetime.timezone.utc), datetime.datetime(2024, 11, 25, 10, 31, 25, tzinfo=datetime.timezone.utc), datetime.datetime(2024, 11, 25, 21, 14, 44, tzinfo=datetime.timezone.utc), '', '', '', '']"
falklandsatlantic,-54.3096,-60.7053,50,15,2410,45,wide,0,"[datetime.datetime(2024, 11, 24, 13, 5, 15, tzinfo=datetime.timezone.utc), '', '', '', '', '', '']","[datetime.datetime(2024, 11, 24, 13, 6, 4, tzinfo=datetime.timezone.utc), '', '', '', '', '', '']"
sanjorgegulf,-46.0317,-65.5414,50,15,2400,45,wide,0,"[datetime.datetime(2024, 11, 26, 3, 2, 11, tzinfo=datetime.timezone.utc), '', '', '', '', '', '']","[datetime.datetime(2024, 11, 26, 3, 2, 7, tzinfo=datetime.timezone.utc), '', '', '', '', '', '']"
atlantic1,46.8348,-48.5813,50,10,2390,40,wide,0,"[datetime.datetime(2024, 11, 25, 0, 48, 24, tzinfo=datetime.timezone.utc), datetime.datetime(2024, 11, 25, 13, 42, 38, tzinfo=datetime.timezone.utc), datetime.datetime(2024, 11, 26, 0, 18, 52, tzinfo=datetime.timezone.utc), '', '', '', '']","[datetime.datetime(2024, 11, 25, 0, 48, 44, tzinfo=datetime.timezone.utc), datetime.datetime(2024, 11, 25, 13, 43, 24, tzinfo=datetime.timezone.utc), datetime.datetime(2024, 11, 26, 0, 19, 2, tzinfo=datetime.timezone.utc), '', '', '', '']"
northsea,52.9864,2.7583,50,10,2380,40,wide,0,"[datetime.datetime(2024, 11, 25, 10, 33, 2, tzinfo=datetime.timezone.utc), datetime.datetime(2024, 11, 25, 21, 11, 59, tzinfo=datetime.timezone.utc), '', '', '', '', '']","[datetime.datetime(2024, 11, 25, 10, 33, 33, tzinfo=datetime.timezone.utc), datetime.datetime(2024, 11, 25, 21, 12, 38, tzinfo=datetime.timezone.utc), '', '', '', '', '']"
seaofazov,45.4941,36.6463,50,10,2365,35,wide,0,"[datetime.datetime(2024, 11, 24, 7, 56, 51, tzinfo=datetime.timezone.utc), '', '', '', '', '', '']","[datetime.datetime(2024, 11, 24, 7, 57, 42, tzinfo=datetime.timezone.utc), '', '', '', '', '', '']"
caspiansea1,44.9028,47.9987,60,5,2360,30,wide,0,"[datetime.datetime(2024, 11, 25, 18, 2, 17, tzinfo=datetime.timezone.utc), datetime.datetime(2024, 11, 26, 6, 57, 54, tzinfo=datetime.timezone.utc), '', '', '', '', '']","[datetime.datetime(2024, 11, 25, 18, 2, 23, tzinfo=datetime.timezone.utc), datetime.datetime(2024, 11, 26, 6, 57, 36, tzinfo=datetime.timezone.utc), '', '', '', '', '']"
caspiansea2,45.7185,50.1439,60,5,2350,30,wide,0,"[datetime.datetime(2024, 11, 25, 18, 2, 17, tzinfo=datetime.timezone.utc), datetime.datetime(2024, 11, 26, 6, 57, 19, tzinfo=datetime.timezone.utc), '', '', '', '', '']","[datetime.datetime(2024, 11, 25, 18, 2, 37, tzinfo=datetime.timezone.utc), datetime.datetime(2024, 11, 26, 6, 57, 36, tzinfo=datetime.timezone.utc), '', '', '', '', '']"
caspiansea3,38.5324,53.3624,60,5,2340,30,wide,0,"[datetime.datetime(2024, 11, 25, 18, 0, 24, tzinfo=datetime.timezone.utc), '', '', '', '', '', '']","[datetime.datetime(2024, 11, 25, 18, 0, 36, tzinfo=datetime.timezone.utc), '', '', '', '', '', '']"
northaustralia1,-13.6363,126.1688,60,5,2330,30,wide,0,"[datetime.datetime(2024, 11, 24, 13, 34, 34, tzinfo=datetime.timezone.utc), datetime.datetime(2024, 11, 25, 1, 26, 50, tzinfo=datetime.timezone.utc), '', '', '', '', '']","[datetime.datetime(2024, 11, 24, 13, 34, 55, tzinfo=datetime.timezone.utc), datetime.datetime(2024, 11, 25, 1, 26, 47, tzinfo=datetime.timezone.utc), '', '', '', '', '']"
northaustralia2,-15.6773,124.2246,60,5,2320,30,wide,0,"[datetime.datetime(2024, 11, 24, 13, 34, 31, tzinfo=datetime.timezone.utc), datetime.datetime(2024, 11, 25, 1, 27, 15, tzinfo=datetime.timezone.utc), '', '', '', '', '']","[datetime.datetime(2024, 11, 24, 13, 34, 8, tzinfo=datetime.timezone.utc), datetime.datetime(2024, 11, 25, 1, 27, 35, tzinfo=datetime.timezone.utc), '', '', '', '', '']"
igalikufjorden,60.81,-45.58,60,10,2310,25,wide,0,"[datetime.datetime(2024, 11, 25, 13, 39, 17, tzinfo=datetime.timezone.utc), '', '', '', '', '', '']","[datetime.datetime(2024, 11, 25, 13, 39, 32, tzinfo=datetime.timezone.utc), '', '', '', '', '', '']"
bredefjord,60.85,-46.61,60,1,2300,25,wide,0,"[datetime.datetime(2024, 11, 24, 14, 9, 12, tzinfo=datetime.timezone.utc), datetime.datetime(2024, 11, 25, 13, 39, 23, tzinfo=datetime.timezone.utc), datetime.datetime(2024, 11, 26, 0, 22, 33, tzinfo=datetime.timezone.utc), '', '', '', '']","[datetime.datetime(2024, 11, 24, 14, 8, 53, tzinfo=datetime.timezone.utc), datetime.datetime(2024, 11, 25, 13, 39, 28, tzinfo=datetime.timezone.utc), datetime.datetime(2024, 11, 26, 0, 22, 13, tzinfo=datetime.timezone.utc), '', '', '', '']"
svalbardnyaalesund,78.96,11.95,60,1,2280,35,wide,0,"[datetime.datetime(2024, 11, 24, 10, 56, 30, tzinfo=datetime.timezone.utc), datetime.datetime(2024, 11, 24, 12, 29, 32, tzinfo=datetime.timezone.utc), datetime.datetime(2024, 11, 24, 17, 8, 33, tzinfo=datetime.timezone.utc), datetime.datetime(2024, 11, 24, 18, 41, 20, tzinfo=datetime.timezone.utc), datetime.datetime(2024, 11, 25, 11, 59, 49, tzinfo=datetime.timezone.utc), datetime.datetime(2024, 11, 25, 18, 11, 39, tzinfo=datetime.timezone.utc), '']","[datetime.datetime(2024, 11, 24, 10, 56, 12, tzinfo=datetime.timezone.utc), datetime.datetime(2024, 11, 24, 12, 29, 40, tzinfo=datetime.timezone.utc), datetime.datetime(2024, 11, 24, 17, 8, 8, tzinfo=datetime.timezone.utc), datetime.datetime(2024, 11, 24, 18, 41, 39, tzinfo=datetime.timezone.utc), datetime.datetime(2024, 11, 25, 12, 0, 9, tzinfo=datetime.timezone.utc), datetime.datetime(2024, 11, 25, 18, 12, tzinfo=datetime.timezone.utc), '']"
svalbardeidembukta,78.38,12.30,60,1,2270,35,wide,0,"[datetime.datetime(2024, 11, 24, 10, 56, 29, tzinfo=datetime.timezone.utc), datetime.datetime(2024, 11, 24, 12, 29, 44, tzinfo=datetime.timezone.utc), datetime.datetime(2024, 11, 24, 18, 41, 11, tzinfo=datetime.timezone.utc), datetime.datetime(2024, 11, 25, 11, 59, 58, tzinfo=datetime.timezone.utc), datetime.datetime(2024, 11, 25, 18, 11, 33, tzinfo=datetime.timezone.utc), '', '']","[datetime.datetime(2024, 11, 24, 10, 56, 27, tzinfo=datetime.timezone.utc), datetime.datetime(2024, 11, 24, 12, 29, 37, tzinfo=datetime.timezone.utc), datetime.datetime(2024, 11, 24, 18, 41, 31, tzinfo=datetime.timezone.utc), datetime.datetime(2024, 11, 25, 12, 0, 13, tzinfo=datetime.timezone.utc), datetime.datetime(2024, 11, 25, 18, 11, 51, tzinfo=datetime.timezone.utc), '', '']"
vanmijenfjorden,77.80,15.60,60,1,2260,50,wide,0,"[datetime.datetime(2024, 11, 24, 10, 56, 22, tzinfo=datetime.timezone.utc), datetime.datetime(2024, 11, 24, 18, 40, 59, tzinfo=datetime.timezone.utc), datetime.datetime(2024, 11, 25, 10, 27, 4, tzinfo=datetime.timezone.utc), datetime.datetime(2024, 11, 25, 12, 0, 5, tzinfo=datetime.timezone.utc), datetime.datetime(2024, 11, 25, 18, 11, 18, tzinfo=datetime.timezone.utc), '', '']","[datetime.datetime(2024, 11, 24, 10, 56, 40, tzinfo=datetime.timezone.utc), datetime.datetime(2024, 11, 24, 18, 41, 16, tzinfo=datetime.timezone.utc), datetime.datetime(2024, 11, 25, 10, 26, 35, tzinfo=datetime.timezone.utc), datetime.datetime(2024, 11, 25, 12, 0, 2, tzinfo=datetime.timezone.utc), datetime.datetime(2024, 11, 25, 18, 11, 39, tzinfo=datetime.timezone.utc), '', '']"
alesund,62.67,5.98,60,1,2250,40,wide,0,"[datetime.datetime(2024, 11, 24, 20, 11, 17, tzinfo=datetime.timezone.utc), datetime.datetime(2024, 11, 25, 10, 30, 37, tzinfo=datetime.timezone.utc), '', '', '', '', '']","[datetime.datetime(2024, 11, 24, 20, 10, 56, tzinfo=datetime.timezone.utc), datetime.datetime(2024, 11, 25, 10, 30, 55, tzinfo=datetime.timezone.utc), '', '', '', '', '']"
bergen,60.3661,5.3218,60,1,2240,40,wide,0,"[datetime.datetime(2024, 11, 25, 10, 31, 15, tzinfo=datetime.timezone.utc), '', '', '', '', '', '']","[datetime.datetime(2024, 11, 25, 10, 31, 28, tzinfo=datetime.timezone.utc), '', '', '', '', '', '']"
roervik,65.00,10.50,60,1,2230,50,wide,0,"[datetime.datetime(2024, 11, 24, 20, 11, 21, tzinfo=datetime.timezone.utc), datetime.datetime(2024, 11, 25, 10, 30, 1, tzinfo=datetime.timezone.utc), '', '', '', '', '']","[datetime.datetime(2024, 11, 24, 20, 11, 40, tzinfo=datetime.timezone.utc), datetime.datetime(2024, 11, 25, 10, 30, 1, tzinfo=datetime.timezone.utc), '', '', '', '', '']"
skagerrak,58.45,10.08,60,1,2220,35,wide,0,"[datetime.datetime(2024, 11, 24, 20, 9, 55, tzinfo=datetime.timezone.utc), '', '', '', '', '', '']","[datetime.datetime(2024, 11, 24, 20, 9, 54, tzinfo=datetime.timezone.utc), '', '', '', '', '', '']"
solbergstrand,59.62,10.65,60,1,2210,40,wide,0,"[datetime.datetime(2024, 11, 24, 20, 10, 4, tzinfo=datetime.timezone.utc), '', '', '', '', '', '']","[datetime.datetime(2024, 11, 24, 20, 10, 17, tzinfo=datetime.timezone.utc), '', '', '', '', '', '']"
fredrikstad,59.15,10.87,60,1,2200,35,wide,0,"[datetime.datetime(2024, 11, 24, 20, 9, 56, tzinfo=datetime.timezone.utc), '', '', '', '', '', '']","[datetime.datetime(2024, 11, 24, 20, 10, 10, tzinfo=datetime.timezone.utc), '', '', '', '', '', '']"
ytrehvaler,59.02,10.80,60,1,2190,35,wide,0,"[datetime.datetime(2024, 11, 24, 20, 9, 55, tzinfo=datetime.timezone.utc), '', '', '', '', '', '']","[datetime.datetime(2024, 11, 24, 20, 10, 8, tzinfo=datetime.timezone.utc), '', '', '', '', '', '']"
hardangerfjorden,60.18,6.05,60,1,2180,35,wide,0,"[datetime.datetime(2024, 11, 25, 10, 31, 20, tzinfo=datetime.timezone.utc), '', '', '', '', '', '']","[datetime.datetime(2024, 11, 25, 10, 31, 25, tzinfo=datetime.timezone.utc), '', '', '', '', '', '']"
vaeroeya,67.67,12.6,60,1,2170,35,wide,0,"[datetime.datetime(2024, 11, 24, 20, 12, 20, tzinfo=datetime.timezone.utc), datetime.datetime(2024, 11, 25, 10, 29, 14, tzinfo=datetime.timezone.utc), datetime.datetime(2024, 11, 25, 19, 42, 17, tzinfo=datetime.timezone.utc), '', '', '', '']","[datetime.datetime(2024, 11, 24, 20, 11, 54, tzinfo=datetime.timezone.utc), datetime.datetime(2024, 11, 25, 10, 29, 22, tzinfo=datetime.timezone.utc), datetime.datetime(2024, 11, 25, 19, 42, 36, tzinfo=datetime.timezone.utc), '', '', '', '']"
vardoe,70.34,31.1,60,1,2160,35,wide,0,"[datetime.datetime(2024, 11, 24, 9, 24, 21, tzinfo=datetime.timezone.utc), datetime.datetime(2024, 11, 24, 18, 38, 50, tzinfo=datetime.timezone.utc), datetime.datetime(2024, 11, 25, 8, 54, 47, tzinfo=datetime.timezone.utc), datetime.datetime(2024, 11, 25, 18, 9, 10, tzinfo=datetime.timezone.utc), '', '', '']","[datetime.datetime(2024, 11, 24, 9, 24, 35, tzinfo=datetime.timezone.utc), datetime.datetime(2024, 11, 24, 18, 39, tzinfo=datetime.timezone.utc), datetime.datetime(2024, 11, 25, 8, 54, 54, tzinfo=datetime.timezone.utc), datetime.datetime(2024, 11, 25, 18, 9, 22, tzinfo=datetime.timezone.utc), '', '', '']"
andoeya,69.24,16.13,60,1,2150,35,wide,0,"[datetime.datetime(2024, 11, 25, 10, 28, 51, tzinfo=datetime.timezone.utc), datetime.datetime(2024, 11, 25, 19, 42, 37, tzinfo=datetime.timezone.utc), '', '', '', '', '']","[datetime.datetime(2024, 11, 25, 10, 28, 44, tzinfo=datetime.timezone.utc), datetime.datetime(2024, 11, 25, 19, 42, 47, tzinfo=datetime.timezone.utc), '', '', '', '', '']"
dutchwadden,53.08,5.05,60,1,2140,35,wide,0,"['', '', '', '', '', '', '']","['', '', '', '', '', '', '']"
osensjoen,61.22,11.86,60,1,2130,35,wide,0,"[datetime.datetime(2024, 11, 24, 20, 10, 21, tzinfo=datetime.timezone.utc), '', '', '', '', '', '']","[datetime.datetime(2024, 11, 24, 20, 10, 42, tzinfo=datetime.timezone.utc), '', '', '', '', '', '']"
storsjoen,60.36,11.67,60,1,2120,35,wide,0,"[datetime.datetime(2024, 11, 24, 20, 10, 9, tzinfo=datetime.timezone.utc), '', '', '', '', '', '']","[datetime.datetime(2024, 11, 24, 20, 10, 30, tzinfo=datetime.timezone.utc), '', '', '', '', '', '']"
boknafjorden,59.21,5.86,60,1,2110,35,wide,0,"[datetime.datetime(2024, 11, 25, 10, 31, 38, tzinfo=datetime.timezone.utc), '', '', '', '', '', '']","[datetime.datetime(2024, 11, 25, 10, 31, 36, tzinfo=datetime.timezone.utc), '', '', '', '', '', '']"
hardangerjokul,60.56,7.25,60,1,2100,35,wide,0,"[datetime.datetime(2024, 11, 25, 10, 31, 19, tzinfo=datetime.timezone.utc), '', '', '', '', '', '']","[datetime.datetime(2024, 11, 25, 10, 31, 9, tzinfo=datetime.timezone.utc), '', '', '', '', '', '']"
hardangerjokul2,60.52,7.37,60,1,2090,35,wide,0,"[datetime.datetime(2024, 11, 24, 20, 10, 51, tzinfo=datetime.timezone.utc), datetime.datetime(2024, 11, 25, 10, 31, 20, tzinfo=datetime.timezone.utc), '', '', '', '', '']","[datetime.datetime(2024, 11, 24, 20, 10, 13, tzinfo=datetime.timezone.utc), datetime.datetime(2024, 11, 25, 10, 31, 8, tzinfo=datetime.timezone.utc), '', '', '', '', '']"
peteriisland,-68.83,-90.61,60,1,2080,30,wide,0,"[datetime.datetime(2024, 11, 24, 14, 43, 19, tzinfo=datetime.timezone.utc), datetime.datetime(2024, 11, 25, 5, 0, 3, tzinfo=datetime.timezone.utc), datetime.datetime(2024, 11, 25, 14, 13, 56, tzinfo=datetime.timezone.utc), '', '', '', '']","[datetime.datetime(2024, 11, 24, 14, 43, 40, tzinfo=datetime.timezone.utc), datetime.datetime(2024, 11, 25, 5, 0, 20, tzinfo=datetime.timezone.utc), datetime.datetime(2024, 11, 25, 14, 13, 49, tzinfo=datetime.timezone.utc), '', '', '', '']"
bouvet,-54.42,3.36,60,1,2070,30,wide,0,"[datetime.datetime(2024, 11, 25, 22, 17, 55, tzinfo=datetime.timezone.utc), '', '', '', '', '', '']","[datetime.datetime(2024, 11, 25, 22, 18, 18, tzinfo=datetime.timezone.utc), '', '', '', '', '', '']"
bearisland,74.44,19.03,60,1,2060,30,wide,0,"[datetime.datetime(2024, 11, 24, 10, 57, 9, tzinfo=datetime.timezone.utc), datetime.datetime(2024, 11, 24, 18, 40, 6, tzinfo=datetime.timezone.utc), datetime.datetime(2024, 11, 25, 10, 27, 19, tzinfo=datetime.timezone.utc), datetime.datetime(2024, 11, 25, 18, 10, 47, tzinfo=datetime.timezone.utc), '', '', '']","[datetime.datetime(2024, 11, 24, 10, 57, 3, tzinfo=datetime.timezone.utc), datetime.datetime(2024, 11, 24, 18, 40, 27, tzinfo=datetime.timezone.utc), datetime.datetime(2024, 11, 25, 10, 27, 40, tzinfo=datetime.timezone.utc), datetime.datetime(2024, 11, 25, 18, 10, 33, tzinfo=datetime.timezone.utc), '', '', '']"
janmayen,71.00,-8.40,60,1,2050,30,wide,0,"[datetime.datetime(2024, 11, 25, 12, 2, 17, tzinfo=datetime.timezone.utc), datetime.datetime(2024, 11, 25, 21, 17, 8, tzinfo=datetime.timezone.utc), '', '', '', '', '']","[datetime.datetime(2024, 11, 25, 12, 2, 35, tzinfo=datetime.timezone.utc), datetime.datetime(2024, 11, 25, 21, 17, 13, tzinfo=datetime.timezone.utc), '', '', '', '', '']"
ytresogn,61.14,5.32,60,1,2040,35,quaternion,0,"[datetime.datetime(2024, 11, 25, 10, 31, 2, tzinfo=datetime.timezone.utc), '', '', '', '', '', '']","[datetime.datetime(2024, 11, 25, 10, 31, 18, tzinfo=datetime.timezone.utc), '', '', '', '', '', '']"
moby,20.80,-157.00,50,5,2030,30,wide,0,"[datetime.datetime(2024, 11, 24, 20, 35, 27, tzinfo=datetime.timezone.utc), '', '', '', '', '', '']","[datetime.datetime(2024, 11, 24, 20, 36, 10, tzinfo=datetime.timezone.utc), '', '', '', '', '', '']"
palgrunden,58.76,13.15,50,5,2020,30,wide,0,"[datetime.datetime(2024, 11, 24, 9, 27, 49, tzinfo=datetime.timezone.utc), datetime.datetime(2024, 11, 24, 20, 9, 26, tzinfo=datetime.timezone.utc), '', '', '', '', '']","[datetime.datetime(2024, 11, 24, 9, 28, 3, tzinfo=datetime.timezone.utc), datetime.datetime(2024, 11, 24, 20, 10, 19, tzinfo=datetime.timezone.utc), '', '', '', '', '']"
gloria,45.16,29.38,50,5,2010,30,wide,0,"[datetime.datetime(2024, 11, 25, 19, 35, 57, tzinfo=datetime.timezone.utc), '', '', '', '', '', '']","[datetime.datetime(2024, 11, 25, 19, 36, 27, tzinfo=datetime.timezone.utc), '', '', '', '', '', '']"
erie,41.70,-82.70,50,5,2000,30,wide,0,"[datetime.datetime(2024, 11, 24, 15, 47, 56, tzinfo=datetime.timezone.utc), '', '', '', '', '', '']","[datetime.datetime(2024, 11, 24, 15, 48, 46, tzinfo=datetime.timezone.utc), '', '', '', '', '', '']"
baotau,40.85,109.60,50,1,1990,30,wide,0,"[datetime.datetime(2024, 11, 25, 2, 46, 33, tzinfo=datetime.timezone.utc), '', '', '', '', '', '']","[datetime.datetime(2024, 11, 25, 2, 46, 55, tzinfo=datetime.timezone.utc), '', '', '', '', '', '']"
greenbay,44.58,-87.95,50,5,1980,30,wide,0,"[datetime.datetime(2024, 11, 26, 3, 25, 50, tzinfo=datetime.timezone.utc), '', '', '', '', '', '']","[datetime.datetime(2024, 11, 26, 3, 26, 19, tzinfo=datetime.timezone.utc), '', '', '', '', '', '']"
irbe,57.75,21.72,50,5,1970,40,wide,0,"[datetime.datetime(2024, 11, 24, 9, 27, 38, tzinfo=datetime.timezone.utc), datetime.datetime(2024, 11, 25, 8, 58, tzinfo=datetime.timezone.utc), datetime.datetime(2024, 11, 25, 19, 39, 14, tzinfo=datetime.timezone.utc), '', '', '', '']","[datetime.datetime(2024, 11, 24, 9, 28, 7, tzinfo=datetime.timezone.utc), datetime.datetime(2024, 11, 25, 8, 58, 34, tzinfo=datetime.timezone.utc), datetime.datetime(2024, 11, 25, 19, 40, 6, tzinfo=datetime.timezone.utc), '', '', '', '']"
thornton,51.53,2.96,50,5,1960,40,wide,0,"[datetime.datetime(2024, 11, 25, 10, 33, 31, tzinfo=datetime.timezone.utc), datetime.datetime(2024, 11, 25, 21, 11, 35, tzinfo=datetime.timezone.utc), '', '', '', '', '']","[datetime.datetime(2024, 11, 25, 10, 33, 45, tzinfo=datetime.timezone.utc), datetime.datetime(2024, 11, 25, 21, 12, 17, tzinfo=datetime.timezone.utc), '', '', '', '', '']"
lacrau,43.10,6.00,50,5,1950,25,wide,0,"[datetime.datetime(2024, 11, 25, 21, 9, 23, tzinfo=datetime.timezone.utc), '', '', '', '', '', '']","[datetime.datetime(2024, 11, 25, 21, 9, 59, tzinfo=datetime.timezone.utc), '', '', '', '', '', '']"
rrvplaya,38.50,-115.69,50,1,1940,20,quaternion,0,"[datetime.datetime(2024, 11, 26, 4, 58, 34, tzinfo=datetime.timezone.utc), '', '', '', '', '', '']","[datetime.datetime(2024, 11, 26, 4, 58, 53, tzinfo=datetime.timezone.utc), '', '', '', '', '', '']"
gobabeb,-23.56,15.00,50,1,1930,20,wide,0,"[datetime.datetime(2024, 11, 25, 20, 52, 23, tzinfo=datetime.timezone.utc), '', '', '', '', '', '']","[datetime.datetime(2024, 11, 25, 20, 52, 26, tzinfo=datetime.timezone.utc), '', '', '', '', '', '']"
blanca,-39.15,-61.72,50,5,1920,30,wide,0,"['', '', '', '', '', '', '']","['', '', '', '', '', '', '']"
venice,45.30,12.50,50,5,1910,35,wide,0,"[datetime.datetime(2024, 11, 24, 9, 30, 56, tzinfo=datetime.timezone.utc), '', '', '', '', '', '']","[datetime.datetime(2024, 11, 24, 9, 31, 50, tzinfo=datetime.timezone.utc), '', '', '', '', '', '']"
laplata,-34.8,-57.89,50,5,1900,30,wide,0,"[datetime.datetime(2024, 11, 25, 2, 0, 50, tzinfo=datetime.timezone.utc), '', '', '', '', '', '']","[datetime.datetime(2024, 11, 25, 2, 1, 42, tzinfo=datetime.timezone.utc), '', '', '', '', '', '']"
berre,43.44,50.97,50,5,1890,30,wide,0,"[datetime.datetime(2024, 11, 25, 18, 1, 25, tzinfo=datetime.timezone.utc), datetime.datetime(2024, 11, 26, 6, 57, 35, tzinfo=datetime.timezone.utc), '', '', '', '', '']","[datetime.datetime(2024, 11, 25, 18, 2, 16, tzinfo=datetime.timezone.utc), datetime.datetime(2024, 11, 26, 6, 58, 25, tzinfo=datetime.timezone.utc), '', '', '', '', '']"
magest,45.54,-1.04,50,5,1880,30,wide,0,"[datetime.datetime(2024, 11, 24, 21, 40, 4, tzinfo=datetime.timezone.utc), datetime.datetime(2024, 11, 25, 10, 34, 59, tzinfo=datetime.timezone.utc), datetime.datetime(2024, 11, 25, 21, 10, 30, tzinfo=datetime.timezone.utc), '', '', '', '']","[datetime.datetime(2024, 11, 24, 21, 40, 20, tzinfo=datetime.timezone.utc), datetime.datetime(2024, 11, 25, 10, 35, 37, tzinfo=datetime.timezone.utc), datetime.datetime(2024, 11, 25, 21, 10, 41, tzinfo=datetime.timezone.utc), '', '', '', '']"
zeebrugge,51.36,31.18,50,5,1870,30,wide,0,"['', '', '', '', '', '', '']","['', '', '', '', '', '', '']"
casablanca,40.72,1.36,50,5,1860,30,wide,0,"[datetime.datetime(2024, 11, 25, 21, 9, 4, tzinfo=datetime.timezone.utc), '', '', '', '', '', '']","[datetime.datetime(2024, 11, 25, 21, 9, 29, tzinfo=datetime.timezone.utc), '', '', '', '', '', '']"
plocan,28.04,-15.39,50,5,1850,30,wide,0,"[datetime.datetime(2024, 11, 24, 11, 9, 30, tzinfo=datetime.timezone.utc), datetime.datetime(2024, 11, 25, 22, 39, 23, tzinfo=datetime.timezone.utc), '', '', '', '', '']","[datetime.datetime(2024, 11, 24, 11, 10, 23, tzinfo=datetime.timezone.utc), datetime.datetime(2024, 11, 25, 22, 40, 12, tzinfo=datetime.timezone.utc), '', '', '', '', '']"
ngomeni,-2.90,40.20,50,5,1840,30,wide,0,"[datetime.datetime(2024, 11, 25, 19, 23, 31, tzinfo=datetime.timezone.utc), '', '', '', '', '', '']","[datetime.datetime(2024, 11, 25, 19, 23, 35, tzinfo=datetime.timezone.utc), '', '', '', '', '', '']"
lucinda,-18.50,146.40,50,5,1830,30,wide,0,"[datetime.datetime(2024, 11, 24, 23, 53, 47, tzinfo=datetime.timezone.utc), '', '', '', '', '', '']","[datetime.datetime(2024, 11, 24, 23, 54, 36, tzinfo=datetime.timezone.utc), '', '', '', '', '', '']"
kemigawa,35.60,140.00,50,5,1820,30,wide,0,"[datetime.datetime(2024, 11, 24, 12, 13, 13, tzinfo=datetime.timezone.utc), datetime.datetime(2024, 11, 26, 0, 43, 53, tzinfo=datetime.timezone.utc), '', '', '', '', '']","[datetime.datetime(2024, 11, 24, 12, 14, 2, tzinfo=datetime.timezone.utc), datetime.datetime(2024, 11, 26, 0, 44, 27, tzinfo=datetime.timezone.utc), '', '', '', '', '']"
ariake,33.10,130.30,50,5,1810,30,wide,0,"[datetime.datetime(2024, 11, 25, 1, 15, 1, tzinfo=datetime.timezone.utc), '', '', '', '', '', '']","[datetime.datetime(2024, 11, 25, 1, 14, 37, tzinfo=datetime.timezone.utc), '', '', '', '', '', '']"
socheongcho,37.40,124.70,50,5,1800,30,wide,0,"[datetime.datetime(2024, 11, 25, 13, 17, 50, tzinfo=datetime.timezone.utc), '', '', '', '', '', '']","[datetime.datetime(2024, 11, 25, 13, 18, 30, tzinfo=datetime.timezone.utc), '', '', '', '', '', '']"
buenosaires,-34.50,57.90,50,5,1790,30,wide,1,"[datetime.datetime(2024, 11, 24, 18, 11, 5, tzinfo=datetime.timezone.utc), datetime.datetime(2024, 11, 26, 5, 44, 1, tzinfo=datetime.timezone.utc), '', '', '', '', '']","[datetime.datetime(2024, 11, 24, 18, 11, 41, tzinfo=datetime.timezone.utc), datetime.datetime(2024, 11, 26, 5, 44, 49, tzinfo=datetime.timezone.utc), '', '', '', '', '']"
wavescis,28.86,-90.48,50,5,1780,30,wide,0,"[datetime.datetime(2024, 11, 25, 3, 51, 59, tzinfo=datetime.timezone.utc), '', '', '', '', '', '']","[datetime.datetime(2024, 11, 25, 3, 51, 37, tzinfo=datetime.timezone.utc), '', '', '', '', '', '']"
hboi,27.51,-80.40,50,5,1770,30,wide,0,"[datetime.datetime(2024, 11, 25, 15, 21, 55, tzinfo=datetime.timezone.utc), '', '', '', '', '', '']","[datetime.datetime(2024, 11, 25, 15, 22, 35, tzinfo=datetime.timezone.utc), '', '', '', '', '', '']"
lakeokeechobee,26.91,-80.80,50,5,1760,30,wide,0,"[datetime.datetime(2024, 11, 25, 15, 22, 8, tzinfo=datetime.timezone.utc), '', '', '', '', '', '']","[datetime.datetime(2024, 11, 25, 15, 22, 43, tzinfo=datetime.timezone.utc), '', '', '', '', '', '']"
cocobeach,28.41,-80.60,50,5,1750,30,wide,0,"[datetime.datetime(2024, 11, 25, 15, 21, 45, tzinfo=datetime.timezone.utc), '', '', '', '', '', '']","[datetime.datetime(2024, 11, 25, 15, 22, 19, tzinfo=datetime.timezone.utc), '', '', '', '', '', '']"
wilmington,33.50,-77.60,50,5,1740,30,wide,0,"[datetime.datetime(2024, 11, 25, 15, 20, 12, tzinfo=datetime.timezone.utc), '', '', '', '', '', '']","[datetime.datetime(2024, 11, 25, 15, 21, 2, tzinfo=datetime.timezone.utc), '', '', '', '', '', '']"
virginiabeach,36.90,-75.70,50,5,1730,30,wide,0,"[datetime.datetime(2024, 11, 25, 2, 20, 4, tzinfo=datetime.timezone.utc), datetime.datetime(2024, 11, 25, 15, 19, 16, tzinfo=datetime.timezone.utc), '', '', '', '', '']","[datetime.datetime(2024, 11, 25, 2, 20, 22, tzinfo=datetime.timezone.utc), datetime.datetime(2024, 11, 25, 15, 20, 5, tzinfo=datetime.timezone.utc), '', '', '', '', '']"
annapolis,39.10,-76.30,50,5,1720,30,wide,0,"[datetime.datetime(2024, 11, 25, 2, 20, 37, tzinfo=datetime.timezone.utc), datetime.datetime(2024, 11, 25, 15, 18, 44, tzinfo=datetime.timezone.utc), '', '', '', '', '']","[datetime.datetime(2024, 11, 25, 2, 20, 58, tzinfo=datetime.timezone.utc), datetime.datetime(2024, 11, 25, 15, 19, 34, tzinfo=datetime.timezone.utc), '', '', '', '', '']"
longisland,41.00,-73.30,50,5,1710,30,wide,0,"[datetime.datetime(2024, 11, 25, 2, 20, 43, tzinfo=datetime.timezone.utc), datetime.datetime(2024, 11, 25, 15, 18, 12, tzinfo=datetime.timezone.utc), '', '', '', '', '']","[datetime.datetime(2024, 11, 25, 2, 21, 33, tzinfo=datetime.timezone.utc), datetime.datetime(2024, 11, 25, 15, 18, 52, tzinfo=datetime.timezone.utc), '', '', '', '', '']"
mvco,41.30,-70.60,50,5,1700,30,wide,0,"[datetime.datetime(2024, 11, 25, 2, 20, 57, tzinfo=datetime.timezone.utc), datetime.datetime(2024, 11, 26, 1, 51, 40, tzinfo=datetime.timezone.utc), '', '', '', '', '']","[datetime.datetime(2024, 11, 25, 2, 21, 16, tzinfo=datetime.timezone.utc), datetime.datetime(2024, 11, 26, 1, 51, 22, tzinfo=datetime.timezone.utc), '', '', '', '', '']"
losangeles,33.60,-118.10,50,5,1690,30,quaternion,0,"[datetime.datetime(2024, 11, 25, 5, 26, 46, tzinfo=datetime.timezone.utc), '', '', '', '', '', '']","[datetime.datetime(2024, 11, 25, 5, 27, 36, tzinfo=datetime.timezone.utc), '', '', '', '', '', '']"
grizzlybay,38.10,-121.90,50,5,1680,30,wide,0,"[datetime.datetime(2024, 11, 25, 5, 28, 9, tzinfo=datetime.timezone.utc), datetime.datetime(2024, 11, 25, 18, 26, 58, tzinfo=datetime.timezone.utc), '', '', '', '', '']","[datetime.datetime(2024, 11, 25, 5, 28, 49, tzinfo=datetime.timezone.utc), datetime.datetime(2024, 11, 25, 18, 27, 44, tzinfo=datetime.timezone.utc), '', '', '', '', '']"
voertsjaerv,58.27,26.05,50,5,1670,30,wide,0,"[datetime.datetime(2024, 11, 25, 8, 57, 33, tzinfo=datetime.timezone.utc), datetime.datetime(2024, 11, 25, 19, 39, 33, tzinfo=datetime.timezone.utc), '', '', '', '', '']","[datetime.datetime(2024, 11, 25, 8, 58, 24, tzinfo=datetime.timezone.utc), datetime.datetime(2024, 11, 25, 19, 39, 46, tzinfo=datetime.timezone.utc), '', '', '', '', '']"
wraysbury,51.45,-0.53,50,5,1660,30,wide,0,"[datetime.datetime(2024, 11, 25, 10, 33, 23, tzinfo=datetime.timezone.utc), datetime.datetime(2024, 11, 25, 21, 11, 38, tzinfo=datetime.timezone.utc), '', '', '', '', '']","[datetime.datetime(2024, 11, 25, 10, 34, 14, tzinfo=datetime.timezone.utc), datetime.datetime(2024, 11, 25, 21, 12, 27, tzinfo=datetime.timezone.utc), '', '', '', '', '']"
garda,45.57,10.57,50,5,1650,30,wide,0,"[datetime.datetime(2024, 11, 24, 9, 31, 2, tzinfo=datetime.timezone.utc), '', '', '', '', '', '']","[datetime.datetime(2024, 11, 24, 9, 31, 46, tzinfo=datetime.timezone.utc), '', '', '', '', '', '']"
macquarie,-54.67,158.82,50,5,1640,30,wide,0,"[datetime.datetime(2024, 11, 24, 11, 49, 34, tzinfo=datetime.timezone.utc), datetime.datetime(2024, 11, 24, 22, 29, 20, tzinfo=datetime.timezone.utc), '', '', '', '', '']","[datetime.datetime(2024, 11, 24, 11, 50, 22, tzinfo=datetime.timezone.utc), datetime.datetime(2024, 11, 24, 22, 30, 12, tzinfo=datetime.timezone.utc), '', '', '', '', '']"
heard,-53.0,73.22,50,5,1630,30,wide,0,"[datetime.datetime(2024, 11, 25, 17, 36, 1, tzinfo=datetime.timezone.utc), datetime.datetime(2024, 11, 26, 4, 14, 59, tzinfo=datetime.timezone.utc), '', '', '', '', '']","[datetime.datetime(2024, 11, 25, 17, 36, 55, tzinfo=datetime.timezone.utc), datetime.datetime(2024, 11, 26, 4, 15, 51, tzinfo=datetime.timezone.utc), '', '', '', '', '']"
torshavn,62.0,-6.7,50,5,1620,30,wide,0,"[datetime.datetime(2024, 11, 24, 11, 0, 41, tzinfo=datetime.timezone.utc), datetime.datetime(2024, 11, 24, 21, 44, 27, tzinfo=datetime.timezone.utc), datetime.datetime(2024, 11, 25, 21, 14, 31, tzinfo=datetime.timezone.utc), '', '', '', '']","[datetime.datetime(2024, 11, 24, 11, 1, 21, tzinfo=datetime.timezone.utc), datetime.datetime(2024, 11, 24, 21, 44, 44, tzinfo=datetime.timezone.utc), datetime.datetime(2024, 11, 25, 21, 15, 20, tzinfo=datetime.timezone.utc), '', '', '', '']"
aquawatchlakehume,-36.11,147.03,50,5,1610,30,wide,0,"[datetime.datetime(2024, 11, 25, 23, 28, 56, tzinfo=datetime.timezone.utc), '', '', '', '', '', '']","[datetime.datetime(2024, 11, 25, 23, 29, 7, tzinfo=datetime.timezone.utc), '', '', '', '', '', '']"
aquawatchcockburn,-32.25,149.06,50,5,1600,30,wide,0,"[datetime.datetime(2024, 11, 25, 23, 27, 41, tzinfo=datetime.timezone.utc), '', '', '', '', '', '']","[datetime.datetime(2024, 11, 25, 23, 28, 14, tzinfo=datetime.timezone.utc), '', '', '', '', '', '']"
aquawatchmoreton,-27.29,153.26,50,5,1590,30,wide,0,"[datetime.datetime(2024, 11, 24, 11, 56, 42, tzinfo=datetime.timezone.utc), datetime.datetime(2024, 11, 25, 23, 26, 6, tzinfo=datetime.timezone.utc), '', '', '', '', '']","[datetime.datetime(2024, 11, 24, 11, 57, 32, tzinfo=datetime.timezone.utc), datetime.datetime(2024, 11, 25, 23, 26, 55, tzinfo=datetime.timezone.utc), '', '', '', '', '']"
aquawatchspencer,-34.41,135.9,50,5,1580,30,wide,0,"[datetime.datetime(2024, 11, 25, 12, 59, 11, tzinfo=datetime.timezone.utc), '', '', '', '', '', '']","[datetime.datetime(2024, 11, 25, 12, 59, 47, tzinfo=datetime.timezone.utc), '', '', '', '', '', '']"
aquawatchplymouth,50.40,-4.20,50,5,1570,30,wide,0,"[datetime.datetime(2024, 11, 24, 11, 3, 54, tzinfo=datetime.timezone.utc), datetime.datetime(2024, 11, 24, 21, 41, 12, tzinfo=datetime.timezone.utc), datetime.datetime(2024, 11, 25, 10, 33, 53, tzinfo=datetime.timezone.utc), datetime.datetime(2024, 11, 25, 21, 12, 15, tzinfo=datetime.timezone.utc), '', '', '']","[datetime.datetime(2024, 11, 24, 11, 3, 42, tzinfo=datetime.timezone.utc), datetime.datetime(2024, 11, 24, 21, 41, 54, tzinfo=datetime.timezone.utc), datetime.datetime(2024, 11, 25, 10, 34, 32, tzinfo=datetime.timezone.utc), datetime.datetime(2024, 11, 25, 21, 11, 40, tzinfo=datetime.timezone.utc), '', '', '']"
aquawatchmelbourne,-37.99,44.69,50,5,1560,30,wide,0,"[datetime.datetime(2024, 11, 25, 6, 15, 28, tzinfo=datetime.timezone.utc), datetime.datetime(2024, 11, 25, 19, 14, 2, tzinfo=datetime.timezone.utc), '', '', '', '', '']","[datetime.datetime(2024, 11, 25, 6, 15, 30, tzinfo=datetime.timezone.utc), datetime.datetime(2024, 11, 25, 19, 14, 55, tzinfo=datetime.timezone.utc), '', '', '', '', '']"
aquawatchheron ,-23.44,151.91,50,5,1550,30,wide,0,"[datetime.datetime(2024, 11, 24, 11, 57, 43, tzinfo=datetime.timezone.utc), datetime.datetime(2024, 11, 25, 23, 25, 16, tzinfo=datetime.timezone.utc), '', '', '', '', '']","[datetime.datetime(2024, 11, 24, 11, 58, 35, tzinfo=datetime.timezone.utc), datetime.datetime(2024, 11, 25, 23, 25, 58, tzinfo=datetime.timezone.utc), '', '', '', '', '']"
aquawatchcoral,-23.13,113.73,50,5,1540,30,wide,0,"[datetime.datetime(2024, 11, 25, 14, 35, 57, tzinfo=datetime.timezone.utc), '', '', '', '', '', '']","[datetime.datetime(2024, 11, 25, 14, 36, 37, tzinfo=datetime.timezone.utc), '', '', '', '', '', '']"
aquawatchgoogang,-35.41,149.26,50,5,1530,30,wide,0,"[datetime.datetime(2024, 11, 25, 23, 28, 21, tzinfo=datetime.timezone.utc), '', '', '', '', '', '']","[datetime.datetime(2024, 11, 25, 23, 29, 8, tzinfo=datetime.timezone.utc), '', '', '', '', '', '']"
aquawatchkeppel,-23.46,150.94,50,5,1520,30,wide,0,"[datetime.datetime(2024, 11, 24, 11, 57, 46, tzinfo=datetime.timezone.utc), datetime.datetime(2024, 11, 25, 23, 25, 28, tzinfo=datetime.timezone.utc), '', '', '', '', '']","[datetime.datetime(2024, 11, 24, 11, 58, 37, tzinfo=datetime.timezone.utc), datetime.datetime(2024, 11, 25, 23, 25, 52, tzinfo=datetime.timezone.utc), '', '', '', '', '']"
aquawatchsarawak,1.68,110.21,50,5,1510,30,wide,0,"[datetime.datetime(2024, 11, 25, 14, 42, 55, tzinfo=datetime.timezone.utc), datetime.datetime(2024, 11, 26, 2, 26, 41, tzinfo=datetime.timezone.utc), '', '', '', '', '']","[datetime.datetime(2024, 11, 25, 14, 42, 31, tzinfo=datetime.timezone.utc), datetime.datetime(2024, 11, 26, 2, 27, 23, tzinfo=datetime.timezone.utc), '', '', '', '', '']"
aquawatchmekong,20.79,106.57,50,5,1500,30,wide,0,"[datetime.datetime(2024, 11, 25, 2, 51, 35, tzinfo=datetime.timezone.utc), datetime.datetime(2024, 11, 25, 14, 47, 54, tzinfo=datetime.timezone.utc), '', '', '', '', '']","[datetime.datetime(2024, 11, 25, 2, 52, 19, tzinfo=datetime.timezone.utc), datetime.datetime(2024, 11, 25, 14, 47, 33, tzinfo=datetime.timezone.utc), '', '', '', '', '']"
aquawatchgrahams,-32.77,151.79,50,5,1490,30,wide,0,"[datetime.datetime(2024, 11, 24, 11, 55, 28, tzinfo=datetime.timezone.utc), datetime.datetime(2024, 11, 25, 23, 27, 33, tzinfo=datetime.timezone.utc), '', '', '', '', '']","[datetime.datetime(2024, 11, 24, 11, 56, 8, tzinfo=datetime.timezone.utc), datetime.datetime(2024, 11, 25, 23, 28, 23, tzinfo=datetime.timezone.utc), '', '', '', '', '']"
aquawatchgrippsland,-38.07,147.61,50,5,1480,30,wide,0,"[datetime.datetime(2024, 11, 25, 23, 29, 11, tzinfo=datetime.timezone.utc), '', '', '', '', '', '']","[datetime.datetime(2024, 11, 25, 23, 29, 48, tzinfo=datetime.timezone.utc), '', '', '', '', '', '']"
caletaBay,-41.48,-72.93,60,1,1470,35,wide,0,"[datetime.datetime(2024, 11, 25, 14, 6, 32, tzinfo=datetime.timezone.utc), datetime.datetime(2024, 11, 26, 3, 3, 31, tzinfo=datetime.timezone.utc), '', '', '', '', '']","[datetime.datetime(2024, 11, 25, 14, 6, 15, tzinfo=datetime.timezone.utc), datetime.datetime(2024, 11, 26, 3, 3, 44, tzinfo=datetime.timezone.utc), '', '', '', '', '']"
grindavik,63.85,-22.41,60,1,1460,35,wide,0,"[datetime.datetime(2024, 11, 24, 12, 34, 12, tzinfo=datetime.timezone.utc), datetime.datetime(2024, 11, 25, 12, 4, 44, tzinfo=datetime.timezone.utc), '', '', '', '', '']","[datetime.datetime(2024, 11, 24, 12, 34, 21, tzinfo=datetime.timezone.utc), datetime.datetime(2024, 11, 25, 12, 4, 34, tzinfo=datetime.timezone.utc), '', '', '', '', '']"
tenerife,28.25,-16.56,60,1,1450,30,wide,0,"[datetime.datetime(2024, 11, 24, 11, 9, 48, tzinfo=datetime.timezone.utc), datetime.datetime(2024, 11, 25, 22, 39, 44, tzinfo=datetime.timezone.utc), '', '', '', '', '']","[datetime.datetime(2024, 11, 24, 11, 10, 4, tzinfo=datetime.timezone.utc), datetime.datetime(2024, 11, 25, 22, 40, 3, tzinfo=datetime.timezone.utc), '', '', '', '', '']"
northernAtlanticDust,28.00,-31.00,60,1,1440,25,wide,0,"[datetime.datetime(2024, 11, 25, 12, 13, 52, tzinfo=datetime.timezone.utc), '', '', '', '', '', '']","[datetime.datetime(2024, 11, 25, 12, 14, 9, tzinfo=datetime.timezone.utc), '', '', '', '', '', '']"
mexicogulf,30.37,-88.98,60,1,1430,30,wide,0,"[datetime.datetime(2024, 11, 26, 3, 22, 33, tzinfo=datetime.timezone.utc), '', '', '', '', '', '']","[datetime.datetime(2024, 11, 26, 3, 22, 30, tzinfo=datetime.timezone.utc), '', '', '', '', '', '']"
biloxi,30.35,-88.94,60,1,1420,35,wide,0,"[datetime.datetime(2024, 11, 26, 3, 22, 32, tzinfo=datetime.timezone.utc), '', '', '', '', '', '']","[datetime.datetime(2024, 11, 26, 3, 22, 30, tzinfo=datetime.timezone.utc), '', '', '', '', '', '']"
sesimbra,38.31,-9.11,60,1,1410,30,wide,0,"['', '', '', '', '', '', '']","['', '', '', '', '', '', '']"
lisbon,38.53,-9.37,60,1,1400,30,wide,0,"['', '', '', '', '', '', '']","['', '', '', '', '', '', '']"
a23a,-63.25,-51.52,60,1,1390,20,wide,0,"[datetime.datetime(2024, 11, 25, 12, 38, 6, tzinfo=datetime.timezone.utc), '', '', '', '', '', '']","[datetime.datetime(2024, 11, 25, 12, 37, 47, tzinfo=datetime.timezone.utc), '', '', '', '', '', '']"
dubai,25.11,55.18,60,1,1380,20,wide,0,"[datetime.datetime(2024, 11, 25, 17, 56, 51, tzinfo=datetime.timezone.utc), '', '', '', '', '', '']","[datetime.datetime(2024, 11, 25, 17, 57, 12, tzinfo=datetime.timezone.utc), '', '', '', '', '', '']"
fimbul,-69.65,-0.91,60,1,1370,35,wide,0,"[datetime.datetime(2024, 11, 24, 8, 27, 38, tzinfo=datetime.timezone.utc), '', '', '', '', '', '']","[datetime.datetime(2024, 11, 24, 8, 28, 3, tzinfo=datetime.timezone.utc), '', '', '', '', '', '']"
antarctica,-70.50,-8.25,60,1,1360,30,wide,0,"[datetime.datetime(2024, 11, 25, 0, 17, 28, tzinfo=datetime.timezone.utc), datetime.datetime(2024, 11, 25, 23, 47, 31, tzinfo=datetime.timezone.utc), '', '', '', '', '']","[datetime.datetime(2024, 11, 25, 0, 17, 12, tzinfo=datetime.timezone.utc), datetime.datetime(2024, 11, 25, 23, 47, 54, tzinfo=datetime.timezone.utc), '', '', '', '', '']"
florida,26.40,-82.12,60,1,1350,30,wide,0,"['', '', '', '', '', '', '']","['', '', '', '', '', '', '']"
southOcean,-68.10,6.00,60,1,1340,30,wide,0,"[datetime.datetime(2024, 11, 24, 8, 27, 6, tzinfo=datetime.timezone.utc), datetime.datetime(2024, 11, 24, 22, 44, 5, tzinfo=datetime.timezone.utc), datetime.datetime(2024, 11, 25, 7, 57, 30, tzinfo=datetime.timezone.utc), '', '', '', '']","[datetime.datetime(2024, 11, 24, 8, 27, 19, tzinfo=datetime.timezone.utc), datetime.datetime(2024, 11, 24, 22, 44, 27, tzinfo=datetime.timezone.utc), datetime.datetime(2024, 11, 25, 7, 57, 41, tzinfo=datetime.timezone.utc), '', '', '', '']"
tendrivska,46.22,31.75,60,1,1330,30,wide,0,"['', '', '', '', '', '', '']","['', '', '', '', '', '', '']"
kherson,46.64,32.56,60,1,1320,30,wide,0,"['', '', '', '', '', '', '']","['', '', '', '', '', '', '']"
kakhovka,46.77,33.34,60,1,1310,30,wide,0,"[datetime.datetime(2024, 11, 24, 7, 57, 19, tzinfo=datetime.timezone.utc), '', '', '', '', '', '']","[datetime.datetime(2024, 11, 24, 7, 56, 55, tzinfo=datetime.timezone.utc), '', '', '', '', '', '']"
aegean,38.46,25.21,60,1,1300,30,wide,0,"['', '', '', '', '', '', '']","['', '', '', '', '', '', '']"
marmara,40.67,28.09,60,1,1290,30,wide,0,"[datetime.datetime(2024, 11, 25, 19, 34, 57, tzinfo=datetime.timezone.utc), '', '', '', '', '', '']","[datetime.datetime(2024, 11, 25, 19, 35, 17, tzinfo=datetime.timezone.utc), '', '', '', '', '', '']"
dardanelles,40.31,26.61,60,1,1280,30,wide,0,"[datetime.datetime(2024, 11, 25, 19, 34, 59, tzinfo=datetime.timezone.utc), '', '', '', '', '', '']","[datetime.datetime(2024, 11, 25, 19, 35, 12, tzinfo=datetime.timezone.utc), '', '', '', '', '', '']"
istanbul,41.14,29.08,60,1,1270,30,quaternion,0,"[datetime.datetime(2024, 11, 25, 19, 35, 5, tzinfo=datetime.timezone.utc), '', '', '', '', '', '']","[datetime.datetime(2024, 11, 25, 19, 35, 18, tzinfo=datetime.timezone.utc), '', '', '', '', '', '']"
balearic,40.43,2.49,60,1,1260,30,wide,0,"[datetime.datetime(2024, 11, 25, 21, 9, 7, tzinfo=datetime.timezone.utc), '', '', '', '', '', '']","[datetime.datetime(2024, 11, 25, 21, 9, 12, tzinfo=datetime.timezone.utc), '', '', '', '', '', '']"
adriatic,41.44,18.35,60,1,1250,30,wide,0,"[datetime.datetime(2024, 11, 24, 20, 5, 15, tzinfo=datetime.timezone.utc), datetime.datetime(2024, 11, 25, 9, 2, 21, tzinfo=datetime.timezone.utc), '', '', '', '', '']","[datetime.datetime(2024, 11, 24, 20, 5, 23, tzinfo=datetime.timezone.utc), datetime.datetime(2024, 11, 25, 9, 2, 40, tzinfo=datetime.timezone.utc), '', '', '', '', '']"
cookInlet,60.60,-151.48,60,1,1240,40,wide,0,"[datetime.datetime(2024, 11, 25, 7, 8, 12, tzinfo=datetime.timezone.utc), '', '', '', '', '', '']","[datetime.datetime(2024, 11, 25, 7, 8, 32, tzinfo=datetime.timezone.utc), '', '', '', '', '', '']"
puertomontt,-41.91,-73.08,60,1,1230,35,quaternion,0,"[datetime.datetime(2024, 11, 25, 14, 6, 39, tzinfo=datetime.timezone.utc), datetime.datetime(2024, 11, 26, 3, 3, 26, tzinfo=datetime.timezone.utc), '', '', '', '', '']","[datetime.datetime(2024, 11, 25, 14, 6, 22, tzinfo=datetime.timezone.utc), datetime.datetime(2024, 11, 26, 3, 3, 36, tzinfo=datetime.timezone.utc), '', '', '', '', '']"
pangal,-44.83,-73.55,60,1,1220,30,wide,0,"[datetime.datetime(2024, 11, 25, 14, 7, 15, tzinfo=datetime.timezone.utc), datetime.datetime(2024, 11, 26, 3, 3, 2, tzinfo=datetime.timezone.utc), '', '', '', '', '']","[datetime.datetime(2024, 11, 25, 14, 7, 16, tzinfo=datetime.timezone.utc), datetime.datetime(2024, 11, 26, 3, 2, 33, tzinfo=datetime.timezone.utc), '', '', '', '', '']"
hobart,-43.04,147.53,60,1,1210,30,wide,0,"[datetime.datetime(2024, 11, 25, 23, 30, 35, tzinfo=datetime.timezone.utc), '', '', '', '', '', '']","[datetime.datetime(2024, 11, 25, 23, 30, 54, tzinfo=datetime.timezone.utc), '', '', '', '', '', '']"
balaton,46.84,17.72,60,1,1200,30,wide,0,"[datetime.datetime(2024, 11, 24, 20, 6, 32, tzinfo=datetime.timezone.utc), datetime.datetime(2024, 11, 25, 9, 1, 16, tzinfo=datetime.timezone.utc), '', '', '', '', '']","[datetime.datetime(2024, 11, 24, 20, 6, 52, tzinfo=datetime.timezone.utc), datetime.datetime(2024, 11, 25, 9, 1, 4, tzinfo=datetime.timezone.utc), '', '', '', '', '']"
pontadelgada,37.78,-25.66,60,1,1190,20,wide,0,"[datetime.datetime(2024, 11, 24, 23, 12, 6, tzinfo=datetime.timezone.utc), '', '', '', '', '', '']","[datetime.datetime(2024, 11, 24, 23, 12, 27, tzinfo=datetime.timezone.utc), '', '', '', '', '', '']"
khnifiss,28.08,-12.08,60,1,1180,25,wide,0,"['', '', '', '', '', '', '']","['', '', '', '', '', '', '']"
dahlak,16.00,40.38,60,1,1170,25,wide,0,"['', '', '', '', '', '', '']","['', '', '', '', '', '', '']"
djibouti,11.70,42.96,60,1,1160,20,wide,0,"['', '', '', '', '', '', '']","['', '', '', '', '', '', '']"
kilmia,12.22,52.19,60,1,1150,20,quaternion,0,"[datetime.datetime(2024, 11, 24, 18, 23, 29, tzinfo=datetime.timezone.utc), '', '', '', '', '', '']","[datetime.datetime(2024, 11, 24, 18, 23, 27, tzinfo=datetime.timezone.utc), '', '', '', '', '', '']"
palkstrait,9.5774,79.6805,60,1,1149,30,wide,0,"[datetime.datetime(2024, 11, 25, 4, 29, 18, tzinfo=datetime.timezone.utc), datetime.datetime(2024, 11, 25, 16, 19, 22, tzinfo=datetime.timezone.utc), '', '', '', '', '']","[datetime.datetime(2024, 11, 25, 4, 28, 35, tzinfo=datetime.timezone.utc), datetime.datetime(2024, 11, 25, 16, 18, 45, tzinfo=datetime.timezone.utc), '', '', '', '', '']"
gulfofmartaban,16.5178,96.9891,60,1,1148,30,wide,0,"[datetime.datetime(2024, 11, 24, 15, 16, 29, tzinfo=datetime.timezone.utc), '', '', '', '', '', '']","[datetime.datetime(2024, 11, 24, 15, 16, 48, tzinfo=datetime.timezone.utc), '', '', '', '', '', '']"
gulfofkhamphat,21.5714,72.4023,60,1,1147,30,wide,0,"[datetime.datetime(2024, 11, 24, 16, 51, 49, tzinfo=datetime.timezone.utc), '', '', '', '', '', '']","[datetime.datetime(2024, 11, 24, 16, 52, 8, tzinfo=datetime.timezone.utc), '', '', '', '', '', '']"
lakewinnipegosis,52.31,-99.85,60,1,1146,30,wide,0,"[datetime.datetime(2024, 11, 24, 17, 19, 24, tzinfo=datetime.timezone.utc), datetime.datetime(2024, 11, 25, 3, 57, 58, tzinfo=datetime.timezone.utc), '', '', '', '', '']","[datetime.datetime(2024, 11, 24, 17, 19, 27, tzinfo=datetime.timezone.utc), datetime.datetime(2024, 11, 25, 3, 58, 15, tzinfo=datetime.timezone.utc), '', '', '', '', '']"
bayoffundy,45.2926,-65.0934,60,1,1145,30,wide,0,"[datetime.datetime(2024, 11, 26, 1, 52, 18, tzinfo=datetime.timezone.utc), '', '', '', '', '', '']","[datetime.datetime(2024, 11, 26, 1, 52, 14, tzinfo=datetime.timezone.utc), '', '', '', '', '', '']"
stlorancedelta,47.4304,-70.1920,60,1,1144,30,wide,0,"[datetime.datetime(2024, 11, 25, 15, 16, 56, tzinfo=datetime.timezone.utc), datetime.datetime(2024, 11, 26, 1, 52, 56, tzinfo=datetime.timezone.utc), '', '', '', '', '']","[datetime.datetime(2024, 11, 25, 15, 16, 39, tzinfo=datetime.timezone.utc), datetime.datetime(2024, 11, 26, 1, 53, 6, tzinfo=datetime.timezone.utc), '', '', '', '', '']"
mauritaniacoast,19.3841,-16.6380,60,1,1143,30,wide,0,"[datetime.datetime(2024, 11, 24, 11, 12, 2, tzinfo=datetime.timezone.utc), '', '', '', '', '', '']","[datetime.datetime(2024, 11, 24, 11, 12, 16, tzinfo=datetime.timezone.utc), '', '', '', '', '', '']"
singapore,0.9424,103.7946,60,1,1142,30,wide,0,"[datetime.datetime(2024, 11, 25, 2, 56, 56, tzinfo=datetime.timezone.utc), '', '', '', '', '', '']","[datetime.datetime(2024, 11, 25, 2, 57, 15, tzinfo=datetime.timezone.utc), '', '', '', '', '', '']"
hangzhoubay,30.4683,121.9408,60,1,1141,30,wide,0,"[datetime.datetime(2024, 11, 25, 13, 16, 47, tzinfo=datetime.timezone.utc), '', '', '', '', '', '']","[datetime.datetime(2024, 11, 25, 13, 16, 18, tzinfo=datetime.timezone.utc), '', '', '', '', '', '']"
penzhinabay,61.4680,163.4429,60,1,1140,30,wide,0,"[datetime.datetime(2024, 11, 24, 23, 33, 36, tzinfo=datetime.timezone.utc), datetime.datetime(2024, 11, 25, 10, 16, 31, tzinfo=datetime.timezone.utc), '', '', '', '', '']","[datetime.datetime(2024, 11, 24, 23, 32, 55, tzinfo=datetime.timezone.utc), datetime.datetime(2024, 11, 25, 10, 16, 34, tzinfo=datetime.timezone.utc), '', '', '', '', '']"
lakesarygamysh,41.8962,57.4080,60,1,1139,30,wide,0,"['', '', '', '', '', '', '']","['', '', '', '', '', '', '']"
aralsea,45.0728,58.4987,60,1,1138,30,wide,0,"['', '', '', '', '', '', '']","['', '', '', '', '', '', '']"
straightoftartary,52.6629,141.5666,60,1,1137,30,wide,0,"[datetime.datetime(2024, 11, 25, 1, 9, 17, tzinfo=datetime.timezone.utc), datetime.datetime(2024, 11, 25, 11, 48, 6, tzinfo=datetime.timezone.utc), '', '', '', '', '']","[datetime.datetime(2024, 11, 25, 1, 9, 34, tzinfo=datetime.timezone.utc), datetime.datetime(2024, 11, 25, 11, 48, 27, tzinfo=datetime.timezone.utc), '', '', '', '', '']"
hawkebay,-39.3982,177.1833,60,1,1136,30,wide,0,"[datetime.datetime(2024, 11, 24, 10, 19, 58, tzinfo=datetime.timezone.utc), '', '', '', '', '', '']","[datetime.datetime(2024, 11, 24, 10, 20, 10, tzinfo=datetime.timezone.utc), '', '', '', '', '', '']"
arafurasea,-6.9741,138.4289,60,1,1135,30,wide,0,"['', '', '', '', '', '', '']","['', '', '', '', '', '', '']"
timaru,-44.6329,171.2546,60,1,1134,30,wide,0,"[datetime.datetime(2024, 11, 25, 21, 56, 57, tzinfo=datetime.timezone.utc), '', '', '', '', '', '']","[datetime.datetime(2024, 11, 25, 21, 57, 19, tzinfo=datetime.timezone.utc), '', '', '', '', '', '']"
lakeellesmere,-43.7833,172.4539,60,1,1133,30,wide,0,"[datetime.datetime(2024, 11, 25, 21, 56, 42, tzinfo=datetime.timezone.utc), '', '', '', '', '', '']","[datetime.datetime(2024, 11, 25, 21, 57, 2, tzinfo=datetime.timezone.utc), '', '', '', '', '', '']"
pegasusbay,-43.3330,172.9192,60,1,1132,30,wide,0,"[datetime.datetime(2024, 11, 25, 21, 56, 36, tzinfo=datetime.timezone.utc), '', '', '', '', '', '']","[datetime.datetime(2024, 11, 25, 21, 56, 52, tzinfo=datetime.timezone.utc), '', '', '', '', '', '']"
bankspeninsula,-43.7666,172.9738,60,1,1131,30,wide,0,"[datetime.datetime(2024, 11, 25, 21, 56, 43, tzinfo=datetime.timezone.utc), '', '', '', '', '', '']","[datetime.datetime(2024, 11, 25, 21, 56, 58, tzinfo=datetime.timezone.utc), '', '', '', '', '', '']"
lakewinnipeg,53.06,-98.06,60,1,1130,30,wide,0,"[datetime.datetime(2024, 11, 25, 3, 58, 23, tzinfo=datetime.timezone.utc), datetime.datetime(2024, 11, 25, 16, 49, 43, tzinfo=datetime.timezone.utc), '', '', '', '', '']","[datetime.datetime(2024, 11, 25, 3, 58, 6, tzinfo=datetime.timezone.utc), datetime.datetime(2024, 11, 25, 16, 49, 23, tzinfo=datetime.timezone.utc), '', '', '', '', '']"
lakeqinghai,36.87,100.17,60,1,1120,30,wide,0,"[datetime.datetime(2024, 11, 25, 14, 51, 56, tzinfo=datetime.timezone.utc), '', '', '', '', '', '']","[datetime.datetime(2024, 11, 25, 14, 52, 13, tzinfo=datetime.timezone.utc), '', '', '', '', '', '']"
capetown,-34.24,18.29,60,1,1110,30,wide,0,"[datetime.datetime(2024, 11, 24, 8, 18, 3, tzinfo=datetime.timezone.utc), datetime.datetime(2024, 11, 25, 20, 49, 39, tzinfo=datetime.timezone.utc), '', '', '', '', '']","[datetime.datetime(2024, 11, 24, 8, 18, 27, tzinfo=datetime.timezone.utc), datetime.datetime(2024, 11, 25, 20, 49, 29, tzinfo=datetime.timezone.utc), '', '', '', '', '']"
losangeles,33.60,-118.39,60,1,1100,30,quaternion,0,"[datetime.datetime(2024, 11, 25, 5, 27, 2, tzinfo=datetime.timezone.utc), '', '', '', '', '', '']","[datetime.datetime(2024, 11, 25, 5, 27, 21, tzinfo=datetime.timezone.utc), '', '', '', '', '', '']"
bluenile,11.18,35.12,60,1,1090,25,wide,0,"[datetime.datetime(2024, 11, 25, 7, 36, 17, tzinfo=datetime.timezone.utc), datetime.datetime(2024, 11, 25, 19, 27, 12, tzinfo=datetime.timezone.utc), '', '', '', '', '']","[datetime.datetime(2024, 11, 25, 7, 36, 36, tzinfo=datetime.timezone.utc), datetime.datetime(2024, 11, 25, 19, 27, 30, tzinfo=datetime.timezone.utc), '', '', '', '', '']"
capedyer,66.63,-60.99,60,1,1080,25,wide,0,"[datetime.datetime(2024, 11, 25, 0, 53, 49, tzinfo=datetime.timezone.utc), datetime.datetime(2024, 11, 25, 15, 11, 32, tzinfo=datetime.timezone.utc), datetime.datetime(2024, 11, 26, 0, 24, 29, tzinfo=datetime.timezone.utc), '', '', '', '']","[datetime.datetime(2024, 11, 25, 0, 54, 7, tzinfo=datetime.timezone.utc), datetime.datetime(2024, 11, 25, 15, 11, 50, tzinfo=datetime.timezone.utc), datetime.datetime(2024, 11, 26, 0, 24, 11, tzinfo=datetime.timezone.utc), '', '', '', '']"
ladyfranklin,62.91,-63.68,60,1,1070,25,wide,0,"[datetime.datetime(2024, 11, 25, 0, 53, 10, tzinfo=datetime.timezone.utc), datetime.datetime(2024, 11, 25, 15, 12, 34, tzinfo=datetime.timezone.utc), '', '', '', '', '']","[datetime.datetime(2024, 11, 25, 0, 53, 9, tzinfo=datetime.timezone.utc), datetime.datetime(2024, 11, 25, 15, 12, 49, tzinfo=datetime.timezone.utc), '', '', '', '', '']"
satoaluk,56.47,-60.84,60,1,1060,25,wide,0,"['', '', '', '', '', '', '']","['', '', '', '', '', '', '']"
nuuk,63.92,-52.48,60,1,1050,25,wide,0,"[datetime.datetime(2024, 11, 24, 14, 8, 28, tzinfo=datetime.timezone.utc), datetime.datetime(2024, 11, 26, 0, 23, 10, tzinfo=datetime.timezone.utc), '', '', '', '', '']","[datetime.datetime(2024, 11, 24, 14, 8, 33, tzinfo=datetime.timezone.utc), datetime.datetime(2024, 11, 26, 0, 23, 31, tzinfo=datetime.timezone.utc), '', '', '', '', '']"
lakeUpemba,-8.64,26.40,60,1,1040,30,wide,0,"['', '', '', '', '', '', '']","['', '', '', '', '', '', '']"
labradornorth,66.37,-58.22,60,1,1030,30,wide,0,"[datetime.datetime(2024, 11, 25, 0, 53, 50, tzinfo=datetime.timezone.utc), datetime.datetime(2024, 11, 25, 15, 11, 41, tzinfo=datetime.timezone.utc), datetime.datetime(2024, 11, 26, 0, 24, 4, tzinfo=datetime.timezone.utc), '', '', '', '']","[datetime.datetime(2024, 11, 25, 0, 53, 48, tzinfo=datetime.timezone.utc), datetime.datetime(2024, 11, 25, 15, 11, 36, tzinfo=datetime.timezone.utc), datetime.datetime(2024, 11, 26, 0, 24, 15, tzinfo=datetime.timezone.utc), '', '', '', '']"
labradorcentral,60.97,-57.04,60,1,1020,30,wide,0,"[datetime.datetime(2024, 11, 25, 0, 52, 17, tzinfo=datetime.timezone.utc), '', '', '', '', '', '']","[datetime.datetime(2024, 11, 25, 0, 52, 34, tzinfo=datetime.timezone.utc), '', '', '', '', '', '']"
labradorsouth,55.33,-54.27,60,1,1010,30,wide,0,"[datetime.datetime(2024, 11, 24, 14, 10, 33, tzinfo=datetime.timezone.utc), datetime.datetime(2024, 11, 25, 0, 50, 46, tzinfo=datetime.timezone.utc), '', '', '', '', '']","[datetime.datetime(2024, 11, 24, 14, 10, 53, tzinfo=datetime.timezone.utc), datetime.datetime(2024, 11, 25, 0, 51, 4, tzinfo=datetime.timezone.utc), '', '', '', '', '']"
kremenchutskeReservoir,49.2239,32.8172,50,3,1000,30,wide,0,"[datetime.datetime(2024, 11, 24, 7, 56, 32, tzinfo=datetime.timezone.utc), '', '', '', '', '', '']","[datetime.datetime(2024, 11, 24, 7, 56, 28, tzinfo=datetime.timezone.utc), '', '', '', '', '', '']"
labradorwest,60.99,-63.80,60,1,990,30,wide,0,"[datetime.datetime(2024, 11, 25, 15, 13, 8, tzinfo=datetime.timezone.utc), '', '', '', '', '', '']","[datetime.datetime(2024, 11, 25, 15, 13, 12, tzinfo=datetime.timezone.utc), '', '', '', '', '', '']"
labradoreast,56.27,-49.34,60,1,980,30,wide,0,"[datetime.datetime(2024, 11, 24, 14, 10, 37, tzinfo=datetime.timezone.utc), datetime.datetime(2024, 11, 25, 13, 40, 43, tzinfo=datetime.timezone.utc), datetime.datetime(2024, 11, 26, 0, 21, 10, tzinfo=datetime.timezone.utc), '', '', '', '']","[datetime.datetime(2024, 11, 24, 14, 9, 56, tzinfo=datetime.timezone.utc), datetime.datetime(2024, 11, 25, 13, 40, 38, tzinfo=datetime.timezone.utc), datetime.datetime(2024, 11, 26, 0, 21, 29, tzinfo=datetime.timezone.utc), '', '', '', '']"
lakebalkhash,46.14,74.22,60,1,970,30,wide,0,"[datetime.datetime(2024, 11, 25, 16, 28, 23, tzinfo=datetime.timezone.utc), datetime.datetime(2024, 11, 26, 5, 23, 10, tzinfo=datetime.timezone.utc), '', '', '', '', '']","[datetime.datetime(2024, 11, 25, 16, 28, 40, tzinfo=datetime.timezone.utc), datetime.datetime(2024, 11, 26, 5, 23, 29, tzinfo=datetime.timezone.utc), '', '', '', '', '']"
tasmania,-40.69,148.27,60,1,960,30,wide,0,"[datetime.datetime(2024, 11, 25, 23, 29, 58, tzinfo=datetime.timezone.utc), '', '', '', '', '', '']","[datetime.datetime(2024, 11, 25, 23, 30, 16, tzinfo=datetime.timezone.utc), '', '', '', '', '', '']"
marlborough,-41.44,174.24,60,1,950,30,wide,0,"[datetime.datetime(2024, 11, 25, 21, 56, 9, tzinfo=datetime.timezone.utc), '', '', '', '', '', '']","[datetime.datetime(2024, 11, 25, 21, 56, 16, tzinfo=datetime.timezone.utc), '', '', '', '', '', '']"
limerick,52.68,-8.85,60,1,940,25,wide,0,"[datetime.datetime(2024, 11, 24, 11, 3, 16, tzinfo=datetime.timezone.utc), datetime.datetime(2024, 11, 24, 21, 42, 11, tzinfo=datetime.timezone.utc), '', '', '', '', '']","[datetime.datetime(2024, 11, 24, 11, 3, 36, tzinfo=datetime.timezone.utc), datetime.datetime(2024, 11, 24, 21, 42, 28, tzinfo=datetime.timezone.utc), '', '', '', '', '']"
trollgasfield,56.49,3.50,60,1,930,25,wide,0,"[datetime.datetime(2024, 11, 25, 10, 32, 20, tzinfo=datetime.timezone.utc), '', '', '', '', '', '']","[datetime.datetime(2024, 11, 25, 10, 32, 27, tzinfo=datetime.timezone.utc), '', '', '', '', '', '']"
clairoilfield,60.79,-2.32,60,1,920,25,wide,0,"[datetime.datetime(2024, 11, 24, 11, 1, 2, tzinfo=datetime.timezone.utc), datetime.datetime(2024, 11, 25, 21, 14, 19, tzinfo=datetime.timezone.utc), '', '', '', '', '']","[datetime.datetime(2024, 11, 24, 11, 1, 17, tzinfo=datetime.timezone.utc), datetime.datetime(2024, 11, 25, 21, 14, 36, tzinfo=datetime.timezone.utc), '', '', '', '', '']"
saltlake,41.15,-112.56,60,1,910,20,wide,0,"[datetime.datetime(2024, 11, 26, 4, 59, 6, tzinfo=datetime.timezone.utc), '', '', '', '', '', '']","[datetime.datetime(2024, 11, 26, 4, 59, 24, tzinfo=datetime.timezone.utc), '', '', '', '', '', '']"
kuwait,29.61,48.54,60,1,900,20,wide,0,"[datetime.datetime(2024, 11, 24, 18, 28, 1, tzinfo=datetime.timezone.utc), datetime.datetime(2024, 11, 26, 7, 1, 35, tzinfo=datetime.timezone.utc), '', '', '', '', '']","[datetime.datetime(2024, 11, 24, 18, 28, 2, tzinfo=datetime.timezone.utc), datetime.datetime(2024, 11, 26, 7, 1, 35, tzinfo=datetime.timezone.utc), '', '', '', '', '']"
gqeberha,-34.11,25.67,60,1,890,25,wide,0,"[datetime.datetime(2024, 11, 25, 7, 48, 8, tzinfo=datetime.timezone.utc), '', '', '', '', '', '']","[datetime.datetime(2024, 11, 25, 7, 48, 29, tzinfo=datetime.timezone.utc), '', '', '', '', '', '']"
durban,-29.92,31.06,60,1,880,25,wide,0,"['', '', '', '', '', '', '']","['', '', '', '', '', '', '']"
saldanha,-33.09,17.93,60,1,870,25,wide,0,"[datetime.datetime(2024, 11, 24, 8, 17, 48, tzinfo=datetime.timezone.utc), datetime.datetime(2024, 11, 25, 20, 50, 1, tzinfo=datetime.timezone.utc), '', '', '', '', '']","[datetime.datetime(2024, 11, 24, 8, 18, 7, tzinfo=datetime.timezone.utc), datetime.datetime(2024, 11, 25, 20, 49, 46, tzinfo=datetime.timezone.utc), '', '', '', '', '']"
ilescrozet,-46.48,51.83,60,1,860,25,wide,0,"[datetime.datetime(2024, 11, 26, 5, 47, 34, tzinfo=datetime.timezone.utc), '', '', '', '', '', '']","[datetime.datetime(2024, 11, 26, 5, 47, 49, tzinfo=datetime.timezone.utc), '', '', '', '', '', '']"
princeedward,-46.91,37.74,60,1,850,25,wide,0,"[datetime.datetime(2024, 11, 24, 19, 42, 7, tzinfo=datetime.timezone.utc), '', '', '', '', '', '']","[datetime.datetime(2024, 11, 24, 19, 42, 5, tzinfo=datetime.timezone.utc), '', '', '', '', '', '']"
falklands,-51.79,-59.49,60,1,840,25,wide,0,"[datetime.datetime(2024, 11, 24, 13, 4, 52, tzinfo=datetime.timezone.utc), '', '', '', '', '', '']","[datetime.datetime(2024, 11, 24, 13, 5, 5, tzinfo=datetime.timezone.utc), '', '', '', '', '', '']"
xaafuun,10.45,51.45,60,1,830,20,quaternion,0,"[datetime.datetime(2024, 11, 24, 18, 22, 54, tzinfo=datetime.timezone.utc), '', '', '', '', '', '']","[datetime.datetime(2024, 11, 24, 18, 23, 12, tzinfo=datetime.timezone.utc), '', '', '', '', '', '']"
kalleesa,12.55,54.53,60,1,820,20,quaternion,0,"['', '', '', '', '', '', '']","['', '', '', '', '', '', '']"
warsheikh,2.29,45.80,60,1,810,20,wide,0,"['', '', '', '', '', '', '']","['', '', '', '', '', '', '']"
mogadishu,2.00,45.31,60,1,800,20,wide,0,"['', '', '', '', '', '', '']","['', '', '', '', '', '', '']"
bajuni,-0.91,42.15,60,1,790,20,wide,0,"['', '', '', '', '', '', '']","['', '', '', '', '', '', '']"
lamu,-2.21,41.09,60,1,780,20,wide,0,"['', '', '', '', '', '', '']","['', '', '', '', '', '', '']"
watamu,-3.41,40.00,60,1,770,20,wide,0,"['', '', '', '', '', '', '']","['', '', '', '', '', '', '']"
mombasa,-4.08,39.70,60,1,760,20,wide,0,"[datetime.datetime(2024, 11, 25, 19, 23, 26, tzinfo=datetime.timezone.utc), '', '', '', '', '', '']","[datetime.datetime(2024, 11, 25, 19, 23, 7, tzinfo=datetime.timezone.utc), '', '', '', '', '', '']"
oslo,59.88,10.83,50,2,2510,35,wide,0,"[datetime.datetime(2024, 11, 24, 20, 9, 50, tzinfo=datetime.timezone.utc), '', '', '', '', '', '']","[datetime.datetime(2024, 11, 24, 20, 10, 38, tzinfo=datetime.timezone.utc), '', '', '', '', '', '']"
kiwani,-5.17,39.72,60,1,750,20,wide,0,"[datetime.datetime(2024, 11, 25, 19, 23, 4, tzinfo=datetime.timezone.utc), '', '', '', '', '', '']","[datetime.datetime(2024, 11, 25, 19, 22, 55, tzinfo=datetime.timezone.utc), '', '', '', '', '', '']"
zanzibar,-6.15,39.34,60,1,740,20,wide,0,"[datetime.datetime(2024, 11, 25, 19, 22, 42, tzinfo=datetime.timezone.utc), '', '', '', '', '', '']","[datetime.datetime(2024, 11, 25, 19, 22, 50, tzinfo=datetime.timezone.utc), '', '', '', '', '', '']"
mafia,-7.62,39.62,60,1,730,20,wide,0,"[datetime.datetime(2024, 11, 25, 19, 22, 19, tzinfo=datetime.timezone.utc), '', '', '', '', '', '']","[datetime.datetime(2024, 11, 25, 19, 22, 27, tzinfo=datetime.timezone.utc), '', '', '', '', '', '']"
kilwa,-8.99,39.54,60,1,720,20,wide,0,"[datetime.datetime(2024, 11, 25, 19, 21, 55, tzinfo=datetime.timezone.utc), '', '', '', '', '', '']","[datetime.datetime(2024, 11, 25, 19, 22, 10, tzinfo=datetime.timezone.utc), '', '', '', '', '', '']"
ruvuma,-10.41,40.50,60,1,710,20,wide,0,"[datetime.datetime(2024, 11, 25, 19, 21, 38, tzinfo=datetime.timezone.utc), '', '', '', '', '', '']","[datetime.datetime(2024, 11, 25, 19, 21, 39, tzinfo=datetime.timezone.utc), '', '', '', '', '', '']"
mayotte,-12.80,45.15,60,1,700,20,wide,0,"['', '', '', '', '', '', '']","['', '', '', '', '', '', '']"
ifaho,-15.80,50.36,60,1,690,20,wide,0,"['', '', '', '', '', '', '']","['', '', '', '', '', '', '']"
miramar,-23.84,35.57,60,1,680,20,quaternion,0,"[datetime.datetime(2024, 11, 24, 19, 47, 57, tzinfo=datetime.timezone.utc), '', '', '', '', '', '']","[datetime.datetime(2024, 11, 24, 19, 48, 7, tzinfo=datetime.timezone.utc), '', '', '', '', '', '']"
maputo,-25.99,32.99,60,1,670,20,wide,0,"[datetime.datetime(2024, 11, 24, 19, 47, 34, tzinfo=datetime.timezone.utc), '', '', '', '', '', '']","[datetime.datetime(2024, 11, 24, 19, 47, 39, tzinfo=datetime.timezone.utc), '', '', '', '', '', '']"
aaland,60.16,20.16,60,1,660,40,wide,0,"[datetime.datetime(2024, 11, 24, 9, 27, 11, tzinfo=datetime.timezone.utc), datetime.datetime(2024, 11, 25, 19, 40, 11, tzinfo=datetime.timezone.utc), '', '', '', '', '']","[datetime.datetime(2024, 11, 24, 9, 27, 32, tzinfo=datetime.timezone.utc), datetime.datetime(2024, 11, 25, 19, 40, 31, tzinfo=datetime.timezone.utc), '', '', '', '', '']"
petersburg,59.93,30.36,60,1,650,40,wide,0,"[datetime.datetime(2024, 11, 25, 8, 57, 29, tzinfo=datetime.timezone.utc), '', '', '', '', '', '']","[datetime.datetime(2024, 11, 25, 8, 57, 18, tzinfo=datetime.timezone.utc), '', '', '', '', '', '']"
turku,60.25,22.07,60,1,640,40,wide,0,"[datetime.datetime(2024, 11, 24, 9, 27, 12, tzinfo=datetime.timezone.utc), datetime.datetime(2024, 11, 25, 8, 57, 52, tzinfo=datetime.timezone.utc), datetime.datetime(2024, 11, 25, 19, 40, 10, tzinfo=datetime.timezone.utc), '', '', '', '']","[datetime.datetime(2024, 11, 24, 9, 27, 20, tzinfo=datetime.timezone.utc), datetime.datetime(2024, 11, 25, 8, 57, 23, tzinfo=datetime.timezone.utc), datetime.datetime(2024, 11, 25, 19, 40, 24, tzinfo=datetime.timezone.utc), '', '', '', '']"
saaremaa,58.42,22.64,60,1,630,40,wide,0,"[datetime.datetime(2024, 11, 25, 8, 58, 2, tzinfo=datetime.timezone.utc), datetime.datetime(2024, 11, 25, 19, 39, 40, tzinfo=datetime.timezone.utc), '', '', '', '', '']","[datetime.datetime(2024, 11, 25, 8, 58, 6, tzinfo=datetime.timezone.utc), datetime.datetime(2024, 11, 25, 19, 39, 56, tzinfo=datetime.timezone.utc), '', '', '', '', '']"
bermuda,32.38,-64.77,60,1,620,30,wide,0,"[datetime.datetime(2024, 11, 26, 1, 48, 51, tzinfo=datetime.timezone.utc), '', '', '', '', '', '']","[datetime.datetime(2024, 11, 26, 1, 49, 8, tzinfo=datetime.timezone.utc), '', '', '', '', '', '']"
bahamas,25.02,-77.35,60,1,610,30,wide,0,"[datetime.datetime(2024, 11, 25, 15, 22, 48, tzinfo=datetime.timezone.utc), '', '', '', '', '', '']","[datetime.datetime(2024, 11, 25, 15, 22, 41, tzinfo=datetime.timezone.utc), '', '', '', '', '', '']"
galapagos,-0.63,-90.37,60,1,600,30,wide,0,"[datetime.datetime(2024, 11, 24, 15, 59, 23, tzinfo=datetime.timezone.utc), '', '', '', '', '', '']","[datetime.datetime(2024, 11, 24, 15, 59, 21, tzinfo=datetime.timezone.utc), '', '', '', '', '', '']"
sthelena,-15.97,-5.71,60,1,590,30,wide,0,"[datetime.datetime(2024, 11, 25, 22, 28, 8, tzinfo=datetime.timezone.utc), '', '', '', '', '', '']","[datetime.datetime(2024, 11, 25, 22, 28, 17, tzinfo=datetime.timezone.utc), '', '', '', '', '', '']"
ascension,-7.94,-14.37,60,1,580,30,wide,0,"[datetime.datetime(2024, 11, 24, 23, 0, 14, tzinfo=datetime.timezone.utc), datetime.datetime(2024, 11, 25, 10, 49, 17, tzinfo=datetime.timezone.utc), '', '', '', '', '']","[datetime.datetime(2024, 11, 24, 23, 0, 11, tzinfo=datetime.timezone.utc), datetime.datetime(2024, 11, 25, 10, 49, 29, tzinfo=datetime.timezone.utc), '', '', '', '', '']"
tristandacunha,-37.11,-12.28,60,1,570,30,wide,0,"[datetime.datetime(2024, 11, 24, 22, 52, 53, tzinfo=datetime.timezone.utc), '', '', '', '', '', '']","[datetime.datetime(2024, 11, 24, 22, 52, 34, tzinfo=datetime.timezone.utc), '', '', '', '', '', '']"
easter,-27.14,-109.35,60,1,560,30,wide,0,"['', '', '', '', '', '', '']","['', '', '', '', '', '', '']"
lakebeysehir,37.77,31.52,60,1,550,30,wide,0,"[datetime.datetime(2024, 11, 24, 7, 59, 30, tzinfo=datetime.timezone.utc), datetime.datetime(2024, 11, 25, 19, 34, 36, tzinfo=datetime.timezone.utc), '', '', '', '', '']","[datetime.datetime(2024, 11, 24, 7, 59, 24, tzinfo=datetime.timezone.utc), datetime.datetime(2024, 11, 25, 19, 33, 57, tzinfo=datetime.timezone.utc), '', '', '', '', '']"
lakeegirdir,38.04,30.88,60,1,540,30,wide,0,"[datetime.datetime(2024, 11, 25, 19, 34, 23, tzinfo=datetime.timezone.utc), '', '', '', '', '', '']","[datetime.datetime(2024, 11, 25, 19, 34, 17, tzinfo=datetime.timezone.utc), '', '', '', '', '', '']"
lakeurmia,37.70,45.39,60,1,530,30,wide,0,"[datetime.datetime(2024, 11, 24, 18, 30, 4, tzinfo=datetime.timezone.utc), '', '', '', '', '', '']","[datetime.datetime(2024, 11, 24, 18, 30, 22, tzinfo=datetime.timezone.utc), '', '', '', '', '', '']"
gulfofcampeche,19.91,-92.10,60,1,520,25,wide,0,"[datetime.datetime(2024, 11, 25, 3, 49, 26, tzinfo=datetime.timezone.utc), '', '', '', '', '', '']","[datetime.datetime(2024, 11, 25, 3, 49, 46, tzinfo=datetime.timezone.utc), '', '', '', '', '', '']"
chesapeake,37.79,-76.10,60,1,510,25,wide,0,"[datetime.datetime(2024, 11, 25, 15, 19, 19, tzinfo=datetime.timezone.utc), '', '', '', '', '', '']","[datetime.datetime(2024, 11, 25, 15, 19, 38, tzinfo=datetime.timezone.utc), '', '', '', '', '', '']"
delaware,39.00,-75.15,60,1,500,25,wide,0,"[datetime.datetime(2024, 11, 25, 2, 20, 41, tzinfo=datetime.timezone.utc), datetime.datetime(2024, 11, 25, 15, 18, 58, tzinfo=datetime.timezone.utc), '', '', '', '', '']","[datetime.datetime(2024, 11, 25, 2, 20, 44, tzinfo=datetime.timezone.utc), datetime.datetime(2024, 11, 25, 15, 19, 16, tzinfo=datetime.timezone.utc), '', '', '', '', '']"
baltimore,38.90,-76.39,60,1,490,25,wide,0,"[datetime.datetime(2024, 11, 25, 15, 19, 3, tzinfo=datetime.timezone.utc), '', '', '', '', '', '']","[datetime.datetime(2024, 11, 25, 15, 19, 21, tzinfo=datetime.timezone.utc), '', '', '', '', '', '']"
princewilliam,60.61,-147.16,60,1,480,25,wide,0,"[datetime.datetime(2024, 11, 24, 20, 25, 16, tzinfo=datetime.timezone.utc), datetime.datetime(2024, 11, 26, 6, 38, 28, tzinfo=datetime.timezone.utc), '', '', '', '', '']","[datetime.datetime(2024, 11, 24, 20, 25, 31, tzinfo=datetime.timezone.utc), datetime.datetime(2024, 11, 26, 6, 38, 41, tzinfo=datetime.timezone.utc), '', '', '', '', '']"
kotzbue,66.88,-162.62,60,1,470,25,wide,0,"[datetime.datetime(2024, 11, 24, 7, 39, 48, tzinfo=datetime.timezone.utc), datetime.datetime(2024, 11, 24, 21, 57, 27, tzinfo=datetime.timezone.utc), datetime.datetime(2024, 11, 25, 7, 10, 32, tzinfo=datetime.timezone.utc), '', '', '', '']","[datetime.datetime(2024, 11, 24, 7, 40, 14, tzinfo=datetime.timezone.utc), datetime.datetime(2024, 11, 24, 21, 57, 50, tzinfo=datetime.timezone.utc), datetime.datetime(2024, 11, 25, 7, 10, 13, tzinfo=datetime.timezone.utc), '', '', '', '']"
barbados,13.16,-59.55,60,1,460,20,wide,0,"[datetime.datetime(2024, 11, 25, 13, 51, 55, tzinfo=datetime.timezone.utc), datetime.datetime(2024, 11, 26, 1, 43, 44, tzinfo=datetime.timezone.utc), '', '', '', '', '']","[datetime.datetime(2024, 11, 25, 13, 52, 4, tzinfo=datetime.timezone.utc), datetime.datetime(2024, 11, 26, 1, 44, 4, tzinfo=datetime.timezone.utc), '', '', '', '', '']"
mauritius,-20.45,57.55,60,1,450,25,wide,0,"[datetime.datetime(2024, 11, 24, 18, 14, 48, tzinfo=datetime.timezone.utc), '', '', '', '', '', '']","[datetime.datetime(2024, 11, 24, 18, 15, 7, tzinfo=datetime.timezone.utc), '', '', '', '', '', '']"
capescott,50.85,-128.22,60,1,440,25,wide,0,"[datetime.datetime(2024, 11, 24, 18, 53, 54, tzinfo=datetime.timezone.utc), '', '', '', '', '', '']","[datetime.datetime(2024, 11, 24, 18, 54, 6, tzinfo=datetime.timezone.utc), '', '', '', '', '', '']"
iesjavri,69.65,24.18,60,1,430,25,wide,0,"[datetime.datetime(2024, 11, 24, 9, 24, 45, tzinfo=datetime.timezone.utc), datetime.datetime(2024, 11, 24, 18, 38, 54, tzinfo=datetime.timezone.utc), '', '', '', '', '']","[datetime.datetime(2024, 11, 24, 9, 25, tzinfo=datetime.timezone.utc), datetime.datetime(2024, 11, 24, 18, 39, 5, tzinfo=datetime.timezone.utc), '', '', '', '', '']"
nanga,-25.57,113.40,60,1,420,20,wide,0,"[datetime.datetime(2024, 11, 25, 14, 35, 33, tzinfo=datetime.timezone.utc), '', '', '', '', '', '']","[datetime.datetime(2024, 11, 25, 14, 35, 49, tzinfo=datetime.timezone.utc), '', '', '', '', '', '']"
chad,13.12,14.52,60,1,410,20,wide,0,"['', '', '', '', '', '', '']","['', '', '', '', '', '', '']"
adelaide,-34.95,138.20,60,1,400,20,wide,0,"[datetime.datetime(2024, 11, 25, 12, 59, 4, tzinfo=datetime.timezone.utc), '', '', '', '', '', '']","[datetime.datetime(2024, 11, 25, 12, 59, 26, tzinfo=datetime.timezone.utc), '', '', '', '', '', '']"
wollaston,-55.73,-67.47,60,1,390,25,wide,0,"[datetime.datetime(2024, 11, 26, 2, 59, 39, tzinfo=datetime.timezone.utc), '', '', '', '', '', '']","[datetime.datetime(2024, 11, 26, 2, 59, 58, tzinfo=datetime.timezone.utc), '', '', '', '', '', '']"
manatiales,-52.48,-68.59,60,1,380,20,wide,0,"[datetime.datetime(2024, 11, 26, 3, 0, 30, tzinfo=datetime.timezone.utc), '', '', '', '', '', '']","[datetime.datetime(2024, 11, 26, 3, 0, 50, tzinfo=datetime.timezone.utc), '', '', '', '', '', '']"
chapala,20.24,-103.07,60,1,370,20,wide,0,"[datetime.datetime(2024, 11, 25, 16, 57, 55, tzinfo=datetime.timezone.utc), '', '', '', '', '', '']","[datetime.datetime(2024, 11, 25, 16, 58, 11, tzinfo=datetime.timezone.utc), '', '', '', '', '', '']"
hooghly,21.85,88.06,60,1,360,20,wide,0,"['', '', '', '', '', '', '']","['', '', '', '', '', '', '']"
sittwe,20.13,92.81,60,1,350,20,wide,0,"[datetime.datetime(2024, 11, 26, 3, 56, tzinfo=datetime.timezone.utc), '', '', '', '', '', '']","[datetime.datetime(2024, 11, 26, 3, 56, 11, tzinfo=datetime.timezone.utc), '', '', '', '', '', '']"
tharthar,33.87,43.32,60,1,340,20,wide,0,"[datetime.datetime(2024, 11, 24, 18, 29, 27, tzinfo=datetime.timezone.utc), '', '', '', '', '', '']","[datetime.datetime(2024, 11, 24, 18, 29, 15, tzinfo=datetime.timezone.utc), '', '', '', '', '', '']"
kutch,22.59,68.96,60,1,330,20,wide,0,"[datetime.datetime(2024, 11, 26, 5, 29, 20, tzinfo=datetime.timezone.utc), '', '', '', '', '', '']","[datetime.datetime(2024, 11, 26, 5, 29, 39, tzinfo=datetime.timezone.utc), '', '', '', '', '', '']"
magellan,-53.24,-70.69,60,1,320,20,wide,0,"[datetime.datetime(2024, 11, 25, 14, 9, 27, tzinfo=datetime.timezone.utc), datetime.datetime(2024, 11, 26, 3, 0, 39, tzinfo=datetime.timezone.utc), '', '', '', '', '']","[datetime.datetime(2024, 11, 25, 14, 9, 6, tzinfo=datetime.timezone.utc), datetime.datetime(2024, 11, 26, 3, 0, 26, tzinfo=datetime.timezone.utc), '', '', '', '', '']"
kampala,0.18,32.60,60,1,310,20,wide,0,"[datetime.datetime(2024, 11, 25, 7, 39, 11, tzinfo=datetime.timezone.utc), '', '', '', '', '', '']","[datetime.datetime(2024, 11, 25, 7, 39, 28, tzinfo=datetime.timezone.utc), '', '', '', '', '', '']"
mumbai,18.88,72.80,60,1,300,20,wide,0,"[datetime.datetime(2024, 11, 24, 16, 51, 6, tzinfo=datetime.timezone.utc), '', '', '', '', '', '']","[datetime.datetime(2024, 11, 24, 16, 51, 27, tzinfo=datetime.timezone.utc), '', '', '', '', '', '']"
cocibolca,11.56,-85.41,60,1,290,20,wide,0,"['', '', '', '', '', '', '']","['', '', '', '', '', '', '']"
mobile,30.28,-87.99,60,1,280,25,wide,0,"[datetime.datetime(2024, 11, 24, 15, 51, 38, tzinfo=datetime.timezone.utc), datetime.datetime(2024, 11, 26, 3, 22, 20, tzinfo=datetime.timezone.utc), '', '', '', '', '']","[datetime.datetime(2024, 11, 24, 15, 51, 17, tzinfo=datetime.timezone.utc), datetime.datetime(2024, 11, 26, 3, 22, 35, tzinfo=datetime.timezone.utc), '', '', '', '', '']"
neworleans,29.78,-90.16,60,1,270,25,wide,0,"['', '', '', '', '', '', '']","['', '', '', '', '', '', '']"
galveston,29.25,-94.77,60,1,260,20,wide,0,"[datetime.datetime(2024, 11, 25, 3, 51, 56, tzinfo=datetime.timezone.utc), '', '', '', '', '', '']","[datetime.datetime(2024, 11, 25, 3, 52, 14, tzinfo=datetime.timezone.utc), '', '', '', '', '', '']"
funchal,32.75,-17.03,60,1,250,20,wide,0,"[datetime.datetime(2024, 11, 24, 11, 9, tzinfo=datetime.timezone.utc), datetime.datetime(2024, 11, 25, 22, 40, 53, tzinfo=datetime.timezone.utc), '', '', '', '', '']","[datetime.datetime(2024, 11, 24, 11, 8, 37, tzinfo=datetime.timezone.utc), datetime.datetime(2024, 11, 25, 22, 41, 13, tzinfo=datetime.timezone.utc), '', '', '', '', '']"
panama,9.12,-79.69,60,1,240,20,wide,0,"['', '', '', '', '', '', '']","['', '', '', '', '', '', '']"
corpuschristi,27.72,-97.13,60,1,230,20,wide,0,"['', '', '', '', '', '', '']","['', '', '', '', '', '', '']"
puertodeseado,-47.77,-65.76,60,1,220,20,wide,0,"['', '', '', '', '', '', '']","['', '', '', '', '', '', '']"
portauprince,18.63,-72.50,60,1,210,25,wide,0,"['', '', '', '', '', '', '']","['', '', '', '', '', '', '']"
lakevolta,7.28,0.11,60,1,200,20,wide,0,"['', '', '', '', '', '', '']","['', '', '', '', '', '', '']"
yangon,16.46,96.35,60,1,190,20,wide,0,"[datetime.datetime(2024, 11, 24, 15, 16, 29, tzinfo=datetime.timezone.utc), '', '', '', '', '', '']","[datetime.datetime(2024, 11, 24, 15, 16, 49, tzinfo=datetime.timezone.utc), '', '', '', '', '', '']"
toliara,-23.54,43.69,60,1,180,20,wide,0,"[datetime.datetime(2024, 11, 25, 19, 18, 15, tzinfo=datetime.timezone.utc), '', '', '', '', '', '']","[datetime.datetime(2024, 11, 25, 19, 18, 5, tzinfo=datetime.timezone.utc), '', '', '', '', '', '']"
jaffna,9.45,80.31,60,1,170,20,wide,0,"[datetime.datetime(2024, 11, 25, 4, 28, 58, tzinfo=datetime.timezone.utc), datetime.datetime(2024, 11, 25, 16, 19, tzinfo=datetime.timezone.utc), '', '', '', '', '']","[datetime.datetime(2024, 11, 25, 4, 28, 56, tzinfo=datetime.timezone.utc), datetime.datetime(2024, 11, 25, 16, 18, 59, tzinfo=datetime.timezone.utc), '', '', '', '', '']"
nile,23.33,32.93,60,1,160,20,wide,0,"[datetime.datetime(2024, 11, 25, 19, 30, 23, tzinfo=datetime.timezone.utc), '', '', '', '', '', '']","[datetime.datetime(2024, 11, 25, 19, 30, 40, tzinfo=datetime.timezone.utc), '', '', '', '', '', '']"
tripoli,32.95,13.20,60,1,150,20,wide,0,"['', '', '', '', '', '', '']","['', '', '', '', '', '', '']"
mariamadre,21.63,-106.59,60,1,140,20,wide,0,"[datetime.datetime(2024, 11, 26, 4, 54, 6, tzinfo=datetime.timezone.utc), '', '', '', '', '', '']","[datetime.datetime(2024, 11, 26, 4, 54, tzinfo=datetime.timezone.utc), '', '', '', '', '', '']"
turkana,4.13,36.04,60,1,130,20,wide,0,"[datetime.datetime(2024, 11, 25, 7, 38, 23, tzinfo=datetime.timezone.utc), datetime.datetime(2024, 11, 25, 19, 25, 22, tzinfo=datetime.timezone.utc), '', '', '', '', '']","[datetime.datetime(2024, 11, 25, 7, 37, 57, tzinfo=datetime.timezone.utc), datetime.datetime(2024, 11, 25, 19, 25, 42, tzinfo=datetime.timezone.utc), '', '', '', '', '']"
nemuro,43.46,145.66,60,1,120,25,wide,0,"[datetime.datetime(2024, 11, 25, 11, 45, 40, tzinfo=datetime.timezone.utc), datetime.datetime(2024, 11, 26, 0, 41, 50, tzinfo=datetime.timezone.utc), '', '', '', '', '']","[datetime.datetime(2024, 11, 25, 11, 45, 55, tzinfo=datetime.timezone.utc), datetime.datetime(2024, 11, 26, 0, 42, 4, tzinfo=datetime.timezone.utc), '', '', '', '', '']"
sapporo,43.26,141.25,60,1,110,25,wide,0,"[datetime.datetime(2024, 11, 26, 0, 42, 31, tzinfo=datetime.timezone.utc), '', '', '', '', '', '']","[datetime.datetime(2024, 11, 26, 0, 41, 50, tzinfo=datetime.timezone.utc), '', '', '', '', '', '']"
baikal,53.39,108.01,60,1,100,25,wide,0,"[datetime.datetime(2024, 11, 24, 13, 52, 21, tzinfo=datetime.timezone.utc), '', '', '', '', '', '']","[datetime.datetime(2024, 11, 24, 13, 52, 34, tzinfo=datetime.timezone.utc), '', '', '', '', '', '']"
kyiv,50.45,30.56,60,1,90,25,wide,0,"['', '', '', '', '', '', '']","['', '', '', '', '', '', '']"
atuona,-9.78,-139.10,60,1,80,25,wide,0,"[datetime.datetime(2024, 11, 24, 7, 19, 38, tzinfo=datetime.timezone.utc), datetime.datetime(2024, 11, 24, 19, 9, 53, tzinfo=datetime.timezone.utc), '', '', '', '', '']","[datetime.datetime(2024, 11, 24, 7, 19, 40, tzinfo=datetime.timezone.utc), datetime.datetime(2024, 11, 24, 19, 9, 48, tzinfo=datetime.timezone.utc), '', '', '', '', '']"
montenegro,42.26,18.78,60,1,70,25,quaternion,0,"[datetime.datetime(2024, 11, 24, 20, 5, 22, tzinfo=datetime.timezone.utc), datetime.datetime(2024, 11, 25, 9, 2, 7, tzinfo=datetime.timezone.utc), '', '', '', '', '']","[datetime.datetime(2024, 11, 24, 20, 5, 38, tzinfo=datetime.timezone.utc), datetime.datetime(2024, 11, 25, 9, 2, 27, tzinfo=datetime.timezone.utc), '', '', '', '', '']"
tunis,36.92,10.37,60,1,60,25,wide,0,"[datetime.datetime(2024, 11, 24, 9, 33, 24, tzinfo=datetime.timezone.utc), '', '', '', '', '', '']","[datetime.datetime(2024, 11, 24, 9, 33, 47, tzinfo=datetime.timezone.utc), '', '', '', '', '', '']"
sitka,56.97,-135.53,60,1,50,25,wide,0,"[datetime.datetime(2024, 11, 25, 19, 56, 29, tzinfo=datetime.timezone.utc), '', '', '', '', '', '']","[datetime.datetime(2024, 11, 25, 19, 55, 57, tzinfo=datetime.timezone.utc), '', '', '', '', '', '']"
haida,54.39,-132.41,60,1,40,25,quaternion,0,"['', '', '', '', '', '', '']","['', '', '', '', '', '', '']"
kinshasa,-4.29,15.28,60,5,30,20,wide,0,"[datetime.datetime(2024, 11, 25, 20, 57, 11, tzinfo=datetime.timezone.utc), '', '', '', '', '', '']","[datetime.datetime(2024, 11, 25, 20, 57, 22, tzinfo=datetime.timezone.utc), '', '', '', '', '', '']"
malabo,8.69,3.51,60,5,20,20,wide,0,"[datetime.datetime(2024, 11, 24, 9, 40, 50, tzinfo=datetime.timezone.utc), datetime.datetime(2024, 11, 24, 21, 30, 32, tzinfo=datetime.timezone.utc), '', '', '', '', '']","[datetime.datetime(2024, 11, 24, 9, 41, 10, tzinfo=datetime.timezone.utc), datetime.datetime(2024, 11, 24, 21, 30, 51, tzinfo=datetime.timezone.utc), '', '', '', '', '']"
santarem,-2.2,-54.7,60,5,10,20,wide,0,"[datetime.datetime(2024, 11, 26, 1, 39, 56, tzinfo=datetime.timezone.utc), '', '', '', '', '', '']","[datetime.datetime(2024, 11, 26, 1, 39, 39, tzinfo=datetime.timezone.utc), '', '', '', '', '', '']"
