name,latitude,longitude,minElevation,maxCloudCover,priority,exposure,capture_mode,default_capture_mode,start_times,end_times
trondheim,63.50,10.39,50,15,2720,50,wide,1,"[datetime.datetime(2025, 1, 21, 19, 57, 37, tzinfo=datetime.timezone.utc), datetime.datetime(2025, 1, 22, 10, 15, 24, tzinfo=datetime.timezone.utc), datetime.datetime(2025, 1, 23, 9, 44, 5, tzinfo=datetime.timezone.utc)]","[datetime.datetime(2025, 1, 21, 19, 58, 14, tzinfo=datetime.timezone.utc), datetime.datetime(2025, 1, 22, 10, 16, 14, tzinfo=datetime.timezone.utc), datetime.datetime(2025, 1, 23, 9, 43, 41, tzinfo=datetime.timezone.utc)]"
buvika,63.32,10.18,40,20,2710,40,wide,0,"[datetime.datetime(2025, 1, 21, 10, 47, 24, tzinfo=datetime.timezone.utc), datetime.datetime(2025, 1, 21, 19, 57, 15, tzinfo=datetime.timezone.utc), datetime.datetime(2025, 1, 22, 10, 15, 8, tzinfo=datetime.timezone.utc), datetime.datetime(2025, 1, 23, 9, 43, 33, tzinfo=datetime.timezone.utc)]","[datetime.datetime(2025, 1, 21, 10, 47, 56, tzinfo=datetime.timezone.utc), datetime.datetime(2025, 1, 21, 19, 58, 33, tzinfo=datetime.timezone.utc), datetime.datetime(2025, 1, 22, 10, 16, 37, tzinfo=datetime.timezone.utc)]"
trondheimnorth,63.54,10.32,30,20,2709,40,wide,0,"[datetime.datetime(2025, 1, 21, 10, 46, 42, tzinfo=datetime.timezone.utc), datetime.datetime(2025, 1, 21, 19, 56, 49, tzinfo=datetime.timezone.utc), datetime.datetime(2025, 1, 22, 10, 14, 37, tzinfo=datetime.timezone.utc), datetime.datetime(2025, 1, 22, 19, 25, 35, tzinfo=datetime.timezone.utc), datetime.datetime(2025, 1, 22, 20, 58, 38, tzinfo=datetime.timezone.utc), datetime.datetime(2025, 1, 23, 9, 42, 54, tzinfo=datetime.timezone.utc)]","[datetime.datetime(2025, 1, 21, 10, 48, 30, tzinfo=datetime.timezone.utc), datetime.datetime(2025, 1, 21, 19, 59, 6, tzinfo=datetime.timezone.utc), datetime.datetime(2025, 1, 22, 10, 17, 1, tzinfo=datetime.timezone.utc), datetime.datetime(2025, 1, 22, 19, 26, 46, tzinfo=datetime.timezone.utc), datetime.datetime(2025, 1, 22, 20, 59, 44, tzinfo=datetime.timezone.utc)]"
frohavet,63.70,9.34,40,20,2700,40,wide,0,"[datetime.datetime(2025, 1, 21, 10, 47, 12, tzinfo=datetime.timezone.utc), datetime.datetime(2025, 1, 21, 19, 57, 24, tzinfo=datetime.timezone.utc), datetime.datetime(2025, 1, 22, 10, 15, 4, tzinfo=datetime.timezone.utc), datetime.datetime(2025, 1, 23, 9, 43, 36, tzinfo=datetime.timezone.utc)]","[datetime.datetime(2025, 1, 21, 10, 48, 2, tzinfo=datetime.timezone.utc), datetime.datetime(2025, 1, 21, 19, 58, 39, tzinfo=datetime.timezone.utc), datetime.datetime(2025, 1, 22, 10, 16, 34, tzinfo=datetime.timezone.utc), datetime.datetime(2025, 1, 23, 9, 44, 8, tzinfo=datetime.timezone.utc)]"
ingdalen,63.55,9.84,30,20,2690,50,wide,0,"[datetime.datetime(2025, 1, 21, 10, 46, 41, tzinfo=datetime.timezone.utc), datetime.datetime(2025, 1, 21, 19, 56, 51, tzinfo=datetime.timezone.utc), datetime.datetime(2025, 1, 22, 10, 14, 38, tzinfo=datetime.timezone.utc), datetime.datetime(2025, 1, 22, 19, 25, 41, tzinfo=datetime.timezone.utc), datetime.datetime(2025, 1, 22, 20, 58, 34, tzinfo=datetime.timezone.utc), datetime.datetime(2025, 1, 23, 9, 42, 56, tzinfo=datetime.timezone.utc)]","[datetime.datetime(2025, 1, 21, 10, 48, 34, tzinfo=datetime.timezone.utc), datetime.datetime(2025, 1, 21, 19, 59, 6, tzinfo=datetime.timezone.utc), datetime.datetime(2025, 1, 22, 10, 17, 2, tzinfo=datetime.timezone.utc), datetime.datetime(2025, 1, 22, 19, 26, 44, tzinfo=datetime.timezone.utc), datetime.datetime(2025, 1, 22, 20, 59, 49, tzinfo=datetime.timezone.utc)]"
lakeanoya,63.21,10.18,30,20,2670,40,wide,0,"[datetime.datetime(2025, 1, 21, 10, 46, 48, tzinfo=datetime.timezone.utc), datetime.datetime(2025, 1, 21, 19, 56, 45, tzinfo=datetime.timezone.utc), datetime.datetime(2025, 1, 22, 10, 14, 42, tzinfo=datetime.timezone.utc), datetime.datetime(2025, 1, 22, 19, 25, 36, tzinfo=datetime.timezone.utc), datetime.datetime(2025, 1, 22, 20, 58, 31, tzinfo=datetime.timezone.utc), datetime.datetime(2025, 1, 23, 9, 42, 59, tzinfo=datetime.timezone.utc)]","[datetime.datetime(2025, 1, 21, 10, 48, 34, tzinfo=datetime.timezone.utc), datetime.datetime(2025, 1, 21, 19, 59, tzinfo=datetime.timezone.utc), datetime.datetime(2025, 1, 22, 10, 17, 6, tzinfo=datetime.timezone.utc), datetime.datetime(2025, 1, 22, 19, 26, 37, tzinfo=datetime.timezone.utc), datetime.datetime(2025, 1, 22, 20, 59, 42, tzinfo=datetime.timezone.utc)]"
stjordal,63.46,10.87,40,20,2661,40,wide,0,"[datetime.datetime(2025, 1, 21, 10, 47, 25, tzinfo=datetime.timezone.utc), datetime.datetime(2025, 1, 21, 19, 57, 14, tzinfo=datetime.timezone.utc), datetime.datetime(2025, 1, 22, 10, 15, 4, tzinfo=datetime.timezone.utc), datetime.datetime(2025, 1, 23, 9, 43, 25, tzinfo=datetime.timezone.utc)]","[datetime.datetime(2025, 1, 21, 10, 47, 47, tzinfo=datetime.timezone.utc), datetime.datetime(2025, 1, 21, 19, 58, 36, tzinfo=datetime.timezone.utc), datetime.datetime(2025, 1, 22, 10, 16, 34, tzinfo=datetime.timezone.utc)]"
frohavetnorth,64.09,9.43,40,20,2650,50,wide,0,"[datetime.datetime(2025, 1, 21, 10, 47, 4, tzinfo=datetime.timezone.utc), datetime.datetime(2025, 1, 21, 19, 57, 28, tzinfo=datetime.timezone.utc), datetime.datetime(2025, 1, 22, 10, 14, 58, tzinfo=datetime.timezone.utc), datetime.datetime(2025, 1, 23, 9, 43, 30, tzinfo=datetime.timezone.utc)]","[datetime.datetime(2025, 1, 21, 10, 47, 58, tzinfo=datetime.timezone.utc), datetime.datetime(2025, 1, 21, 19, 58, 46, tzinfo=datetime.timezone.utc), datetime.datetime(2025, 1, 22, 10, 16, 28, tzinfo=datetime.timezone.utc), datetime.datetime(2025, 1, 23, 9, 44, 1, tzinfo=datetime.timezone.utc)]"
frohavetwest,64.03,8.50,40,20,2640,50,wide,0,"[datetime.datetime(2025, 1, 21, 10, 47, 3, tzinfo=datetime.timezone.utc), datetime.datetime(2025, 1, 21, 19, 57, 33, tzinfo=datetime.timezone.utc), datetime.datetime(2025, 1, 22, 10, 15, 1, tzinfo=datetime.timezone.utc), datetime.datetime(2025, 1, 22, 20, 59, 26, tzinfo=datetime.timezone.utc), datetime.datetime(2025, 1, 23, 9, 43, 42, tzinfo=datetime.timezone.utc)]","[datetime.datetime(2025, 1, 21, 10, 48, 6, tzinfo=datetime.timezone.utc), datetime.datetime(2025, 1, 21, 19, 58, 44, tzinfo=datetime.timezone.utc), datetime.datetime(2025, 1, 22, 10, 16, 30, tzinfo=datetime.timezone.utc), datetime.datetime(2025, 1, 22, 20, 59, 16, tzinfo=datetime.timezone.utc), datetime.datetime(2025, 1, 23, 9, 43, 53, tzinfo=datetime.timezone.utc)]"
frohavetsouth,63.11,6.50,40,20,2630,50,wide,0,"[datetime.datetime(2025, 1, 21, 10, 47, 17, tzinfo=datetime.timezone.utc), datetime.datetime(2025, 1, 21, 19, 57, 40, tzinfo=datetime.timezone.utc), datetime.datetime(2025, 1, 22, 10, 15, 20, tzinfo=datetime.timezone.utc), datetime.datetime(2025, 1, 22, 20, 58, 46, tzinfo=datetime.timezone.utc)]","[datetime.datetime(2025, 1, 21, 10, 48, 29, tzinfo=datetime.timezone.utc), datetime.datetime(2025, 1, 21, 19, 58, 22, tzinfo=datetime.timezone.utc), datetime.datetime(2025, 1, 22, 10, 16, 45, tzinfo=datetime.timezone.utc), datetime.datetime(2025, 1, 22, 20, 59, 32, tzinfo=datetime.timezone.utc)]"
griegesperanza,49.88,-126.77,50,15,2620,40,wide,0,"[datetime.datetime(2025, 1, 21, 18, 40, 57, tzinfo=datetime.timezone.utc)]","[datetime.datetime(2025, 1, 21, 18, 41, 12, tzinfo=datetime.timezone.utc)]"
griegclio,50.60,-126.38,50,30,2610,40,wide,0,"[datetime.datetime(2025, 1, 21, 18, 40, 44, tzinfo=datetime.timezone.utc)]","[datetime.datetime(2025, 1, 21, 18, 41, 3, tzinfo=datetime.timezone.utc)]"
griegnootka,49.71,-126.58,50,30,2600,30,wide,0,"[datetime.datetime(2025, 1, 21, 18, 40, 57, tzinfo=datetime.timezone.utc)]","[datetime.datetime(2025, 1, 21, 18, 41, 17, tzinfo=datetime.timezone.utc)]"
griegokisollo,50.32,-125.26,50,30,2590,30,wide,0,"[datetime.datetime(2025, 1, 21, 18, 40, 36, tzinfo=datetime.timezone.utc)]","[datetime.datetime(2025, 1, 21, 18, 41, 13, tzinfo=datetime.timezone.utc)]"
catala,49.78,-127.1,40,15,2580,35,wide,0,"[datetime.datetime(2025, 1, 21, 18, 40, 36, tzinfo=datetime.timezone.utc)]","[datetime.datetime(2025, 1, 21, 18, 41, 38, tzinfo=datetime.timezone.utc)]"
vancouver,49.11,-123.12,40,15,2570,35,wide,0,"[datetime.datetime(2025, 1, 21, 18, 40, 24, tzinfo=datetime.timezone.utc), datetime.datetime(2025, 1, 22, 5, 16, 42, tzinfo=datetime.timezone.utc)]","[datetime.datetime(2025, 1, 21, 18, 41, 53, tzinfo=datetime.timezone.utc), datetime.datetime(2025, 1, 22, 5, 17, 46, tzinfo=datetime.timezone.utc)]"
blubberbay,49.8,-124.62,40,20,2560,35,wide,0,"[datetime.datetime(2025, 1, 21, 18, 40, 19, tzinfo=datetime.timezone.utc), datetime.datetime(2025, 1, 22, 5, 17, 6, tzinfo=datetime.timezone.utc)]","[datetime.datetime(2025, 1, 21, 18, 41, 44, tzinfo=datetime.timezone.utc), datetime.datetime(2025, 1, 22, 5, 17, 51, tzinfo=datetime.timezone.utc)]"
deepbay,49.46,-124.74,40,30,2550,35,wide,0,"[datetime.datetime(2025, 1, 21, 18, 40, 24, tzinfo=datetime.timezone.utc), datetime.datetime(2025, 1, 22, 5, 17, 4, tzinfo=datetime.timezone.utc)]","[datetime.datetime(2025, 1, 21, 18, 41, 49, tzinfo=datetime.timezone.utc), datetime.datetime(2025, 1, 22, 5, 17, 43, tzinfo=datetime.timezone.utc)]"
sechelt,49.3,-123.77,40,30,2540,35,wide,0,"[datetime.datetime(2025, 1, 21, 18, 40, 23, tzinfo=datetime.timezone.utc), datetime.datetime(2025, 1, 22, 5, 16, 51, tzinfo=datetime.timezone.utc)]","[datetime.datetime(2025, 1, 21, 18, 41, 51, tzinfo=datetime.timezone.utc), datetime.datetime(2025, 1, 22, 5, 17, 46, tzinfo=datetime.timezone.utc)]"
whalersbay,48.89,-123.33,40,30,2530,35,wide,0,"[datetime.datetime(2025, 1, 21, 18, 40, 28, tzinfo=datetime.timezone.utc), datetime.datetime(2025, 1, 22, 5, 16, 41, tzinfo=datetime.timezone.utc)]","[datetime.datetime(2025, 1, 21, 18, 41, 57, tzinfo=datetime.timezone.utc), datetime.datetime(2025, 1, 22, 5, 17, 41, tzinfo=datetime.timezone.utc)]"
checleset,49.58,-127.5,30,60,2520,35,wide,0,"[datetime.datetime(2025, 1, 21, 18, 40, 9, tzinfo=datetime.timezone.utc), datetime.datetime(2025, 1, 22, 5, 17, 4, tzinfo=datetime.timezone.utc), datetime.datetime(2025, 1, 23, 6, 17, 59, tzinfo=datetime.timezone.utc)]","[datetime.datetime(2025, 1, 21, 18, 42, 12, tzinfo=datetime.timezone.utc), datetime.datetime(2025, 1, 22, 5, 18, 5, tzinfo=datetime.timezone.utc), datetime.datetime(2025, 1, 23, 6, 19, 16, tzinfo=datetime.timezone.utc)]"
mjosa,60.7043,11.0459,40,20,2510,35,wide,0,"[datetime.datetime(2025, 1, 21, 19, 56, 40, tzinfo=datetime.timezone.utc), datetime.datetime(2025, 1, 22, 10, 15, 48, tzinfo=datetime.timezone.utc), datetime.datetime(2025, 1, 23, 9, 43, 59, tzinfo=datetime.timezone.utc)]","[datetime.datetime(2025, 1, 21, 19, 57, 48, tzinfo=datetime.timezone.utc), datetime.datetime(2025, 1, 22, 10, 17, 9, tzinfo=datetime.timezone.utc)]"
campbellriver,50.01924387812201,-125.31197202271731,50,30,2500,40,wide,0,"[datetime.datetime(2025, 1, 21, 18, 40, 41, tzinfo=datetime.timezone.utc)]","[datetime.datetime(2025, 1, 21, 18, 41, 19, tzinfo=datetime.timezone.utc)]"
vigo,42.271441,-8.710142,60,30,2490,30,wide,0,"[datetime.datetime(2025, 1, 21, 10, 53, 32, tzinfo=datetime.timezone.utc)]","[datetime.datetime(2025, 1, 21, 10, 53, 52, tzinfo=datetime.timezone.utc)]"
griegloppa,70.27,22.34,50,10,2480,35,wide,0,"[datetime.datetime(2025, 1, 21, 18, 26, 5, tzinfo=datetime.timezone.utc), datetime.datetime(2025, 1, 22, 10, 13, 28, tzinfo=datetime.timezone.utc), datetime.datetime(2025, 1, 22, 19, 27, 4, tzinfo=datetime.timezone.utc), datetime.datetime(2025, 1, 23, 9, 41, 26, tzinfo=datetime.timezone.utc)]","[datetime.datetime(2025, 1, 21, 18, 26, 12, tzinfo=datetime.timezone.utc), datetime.datetime(2025, 1, 22, 10, 14, tzinfo=datetime.timezone.utc), datetime.datetime(2025, 1, 22, 19, 27, 31, tzinfo=datetime.timezone.utc), datetime.datetime(2025, 1, 23, 9, 42, 16, tzinfo=datetime.timezone.utc)]"
grieghammerfest,70.51,23.53,40,15,2470,35,wide,0,"[datetime.datetime(2025, 1, 21, 10, 45, 29, tzinfo=datetime.timezone.utc), datetime.datetime(2025, 1, 21, 18, 25, 33, tzinfo=datetime.timezone.utc), datetime.datetime(2025, 1, 22, 10, 13, 2, tzinfo=datetime.timezone.utc), datetime.datetime(2025, 1, 22, 17, 54, 34, tzinfo=datetime.timezone.utc), datetime.datetime(2025, 1, 22, 19, 26, 46, tzinfo=datetime.timezone.utc), datetime.datetime(2025, 1, 23, 9, 41, 2, tzinfo=datetime.timezone.utc)]","[datetime.datetime(2025, 1, 21, 10, 45, 17, tzinfo=datetime.timezone.utc), datetime.datetime(2025, 1, 21, 18, 26, 46, tzinfo=datetime.timezone.utc), datetime.datetime(2025, 1, 22, 10, 14, 15, tzinfo=datetime.timezone.utc), datetime.datetime(2025, 1, 22, 17, 54, 12, tzinfo=datetime.timezone.utc), datetime.datetime(2025, 1, 22, 19, 27, 52, tzinfo=datetime.timezone.utc), datetime.datetime(2025, 1, 23, 9, 42, 30, tzinfo=datetime.timezone.utc)]"
griegnordkapp,70.93,25.75,60,5,2460,35,wide,0,"[datetime.datetime(2025, 1, 21, 18, 26, 5, tzinfo=datetime.timezone.utc), datetime.datetime(2025, 1, 23, 9, 41, 25, tzinfo=datetime.timezone.utc)]","[datetime.datetime(2025, 1, 21, 18, 26, 12, tzinfo=datetime.timezone.utc), datetime.datetime(2025, 1, 23, 9, 41, 44, tzinfo=datetime.timezone.utc)]"
rogaland,59.17,5.67,60,10,2450,35,wide,0,"[datetime.datetime(2025, 1, 22, 10, 16, 55, tzinfo=datetime.timezone.utc), datetime.datetime(2025, 1, 22, 20, 58, 19, tzinfo=datetime.timezone.utc)]","[datetime.datetime(2025, 1, 22, 10, 17, 12, tzinfo=datetime.timezone.utc), datetime.datetime(2025, 1, 22, 20, 58, tzinfo=datetime.timezone.utc)]"
barentssea1,75.0313,26.0859,50,15,2440,45,wide,0,"[datetime.datetime(2025, 1, 21, 10, 44, 8, tzinfo=datetime.timezone.utc), datetime.datetime(2025, 1, 21, 18, 26, 41, tzinfo=datetime.timezone.utc), datetime.datetime(2025, 1, 22, 10, 12, 7, tzinfo=datetime.timezone.utc), datetime.datetime(2025, 1, 22, 17, 54, 49, tzinfo=datetime.timezone.utc), datetime.datetime(2025, 1, 23, 9, 40, 15, tzinfo=datetime.timezone.utc)]","[datetime.datetime(2025, 1, 21, 10, 44, 35, tzinfo=datetime.timezone.utc), datetime.datetime(2025, 1, 21, 18, 27, 30, tzinfo=datetime.timezone.utc), datetime.datetime(2025, 1, 22, 10, 12, 57, tzinfo=datetime.timezone.utc), datetime.datetime(2025, 1, 22, 17, 55, 35, tzinfo=datetime.timezone.utc), datetime.datetime(2025, 1, 23, 9, 40, 56, tzinfo=datetime.timezone.utc)]"
barentssea2,76.1483,29.6704,50,15,2435,45,wide,0,"[datetime.datetime(2025, 1, 21, 10, 43, 45, tzinfo=datetime.timezone.utc), datetime.datetime(2025, 1, 21, 16, 54, 8, tzinfo=datetime.timezone.utc), datetime.datetime(2025, 1, 21, 18, 26, 59, tzinfo=datetime.timezone.utc), datetime.datetime(2025, 1, 22, 10, 11, 45, tzinfo=datetime.timezone.utc), datetime.datetime(2025, 1, 22, 17, 54, 54, tzinfo=datetime.timezone.utc), datetime.datetime(2025, 1, 23, 9, 39, 52, tzinfo=datetime.timezone.utc)]","[datetime.datetime(2025, 1, 21, 10, 44, 14, tzinfo=datetime.timezone.utc), datetime.datetime(2025, 1, 21, 16, 54, 18, tzinfo=datetime.timezone.utc), datetime.datetime(2025, 1, 21, 18, 27, 29, tzinfo=datetime.timezone.utc), datetime.datetime(2025, 1, 22, 10, 12, 35, tzinfo=datetime.timezone.utc), datetime.datetime(2025, 1, 22, 17, 55, 44, tzinfo=datetime.timezone.utc), datetime.datetime(2025, 1, 23, 9, 40, 36, tzinfo=datetime.timezone.utc)]"
barentssea4,72.0984,42.5671,50,15,2430,45,wide,0,"[datetime.datetime(2025, 1, 21, 16, 52, 43, tzinfo=datetime.timezone.utc), datetime.datetime(2025, 1, 22, 8, 39, 9, tzinfo=datetime.timezone.utc), datetime.datetime(2025, 1, 22, 17, 53, 40, tzinfo=datetime.timezone.utc), datetime.datetime(2025, 1, 23, 8, 7, 26, tzinfo=datetime.timezone.utc)]","[datetime.datetime(2025, 1, 21, 16, 52, 56, tzinfo=datetime.timezone.utc), datetime.datetime(2025, 1, 22, 8, 40, tzinfo=datetime.timezone.utc), datetime.datetime(2025, 1, 22, 17, 54, 16, tzinfo=datetime.timezone.utc), datetime.datetime(2025, 1, 23, 8, 7, 51, tzinfo=datetime.timezone.utc)]"
barentssea5,72.4790,47.3263,50,15,2425,45,wide,0,"[datetime.datetime(2025, 1, 21, 16, 52, 21, tzinfo=datetime.timezone.utc), datetime.datetime(2025, 1, 22, 8, 38, 57, tzinfo=datetime.timezone.utc), datetime.datetime(2025, 1, 22, 16, 21, 6, tzinfo=datetime.timezone.utc), datetime.datetime(2025, 1, 22, 17, 54, 13, tzinfo=datetime.timezone.utc), datetime.datetime(2025, 1, 23, 8, 7, 2, tzinfo=datetime.timezone.utc)]","[datetime.datetime(2025, 1, 21, 16, 53, 5, tzinfo=datetime.timezone.utc), datetime.datetime(2025, 1, 22, 8, 39, 41, tzinfo=datetime.timezone.utc), datetime.datetime(2025, 1, 22, 16, 20, 43, tzinfo=datetime.timezone.utc), datetime.datetime(2025, 1, 22, 17, 53, 41, tzinfo=datetime.timezone.utc), datetime.datetime(2025, 1, 23, 8, 7, 48, tzinfo=datetime.timezone.utc)]"
barentssea3,69.7891,38.6458,50,15,2432,45,wide,0,"[datetime.datetime(2025, 1, 21, 18, 25, 16, tzinfo=datetime.timezone.utc), datetime.datetime(2025, 1, 22, 8, 39, 50, tzinfo=datetime.timezone.utc), datetime.datetime(2025, 1, 22, 17, 53, 7, tzinfo=datetime.timezone.utc), datetime.datetime(2025, 1, 23, 8, 8, 17, tzinfo=datetime.timezone.utc)]","[datetime.datetime(2025, 1, 21, 18, 25, 38, tzinfo=datetime.timezone.utc), datetime.datetime(2025, 1, 22, 8, 40, 41, tzinfo=datetime.timezone.utc), datetime.datetime(2025, 1, 22, 17, 53, 57, tzinfo=datetime.timezone.utc), datetime.datetime(2025, 1, 23, 8, 8, 21, tzinfo=datetime.timezone.utc)]"
norwegiansea,65.4120,8.9138,50,15,2421,45,wide,0,"[datetime.datetime(2025, 1, 21, 10, 47, 3, tzinfo=datetime.timezone.utc), datetime.datetime(2025, 1, 21, 19, 58, 7, tzinfo=datetime.timezone.utc), datetime.datetime(2025, 1, 22, 10, 15, 1, tzinfo=datetime.timezone.utc)]","[datetime.datetime(2025, 1, 21, 10, 47, 25, tzinfo=datetime.timezone.utc), datetime.datetime(2025, 1, 21, 19, 58, 48, tzinfo=datetime.timezone.utc), datetime.datetime(2025, 1, 22, 10, 15, 49, tzinfo=datetime.timezone.utc)]"
ijsselmeer,52.7324,5.5132,50,15,2414,45,wide,0,"[datetime.datetime(2025, 1, 22, 10, 18, 18, tzinfo=datetime.timezone.utc), datetime.datetime(2025, 1, 22, 20, 56, 8, tzinfo=datetime.timezone.utc)]","[datetime.datetime(2025, 1, 22, 10, 19, 2, tzinfo=datetime.timezone.utc), datetime.datetime(2025, 1, 22, 20, 56, 57, tzinfo=datetime.timezone.utc)]"
englishatlantic,59.9411,-3.7930,50,15,2411,45,wide,0,"[datetime.datetime(2025, 1, 21, 10, 48, 43, tzinfo=datetime.timezone.utc), datetime.datetime(2025, 1, 21, 21, 30, 15, tzinfo=datetime.timezone.utc), datetime.datetime(2025, 1, 22, 20, 58, 35, tzinfo=datetime.timezone.utc)]","[datetime.datetime(2025, 1, 21, 10, 49, 24, tzinfo=datetime.timezone.utc), datetime.datetime(2025, 1, 21, 21, 30, 54, tzinfo=datetime.timezone.utc), datetime.datetime(2025, 1, 22, 20, 58, 52, tzinfo=datetime.timezone.utc)]"
falklandsatlantic,-54.3096,-60.7053,50,15,2410,45,wide,0,"[datetime.datetime(2025, 1, 21, 12, 53, 24, tzinfo=datetime.timezone.utc), datetime.datetime(2025, 1, 23, 2, 43, 25, tzinfo=datetime.timezone.utc)]","[datetime.datetime(2025, 1, 21, 12, 52, 58, tzinfo=datetime.timezone.utc), datetime.datetime(2025, 1, 23, 2, 44, 13, tzinfo=datetime.timezone.utc)]"
sanjorgegulf,-46.0317,-65.5414,50,15,2400,45,wide,0,"[datetime.datetime(2025, 1, 22, 13, 51, 59, tzinfo=datetime.timezone.utc), datetime.datetime(2025, 1, 23, 2, 45, 39, tzinfo=datetime.timezone.utc)]","[datetime.datetime(2025, 1, 22, 13, 52, 45, tzinfo=datetime.timezone.utc), datetime.datetime(2025, 1, 23, 2, 46, 30, tzinfo=datetime.timezone.utc)]"
atlantic1,46.8348,-48.5813,50,10,2390,40,wide,0,"[datetime.datetime(2025, 1, 22, 0, 34, 30, tzinfo=datetime.timezone.utc), datetime.datetime(2025, 1, 22, 13, 27, 55, tzinfo=datetime.timezone.utc)]","[datetime.datetime(2025, 1, 22, 0, 35, 18, tzinfo=datetime.timezone.utc), datetime.datetime(2025, 1, 22, 13, 28, 22, tzinfo=datetime.timezone.utc)]"
northsea,52.9864,2.7583,50,10,2380,40,wide,0,"[datetime.datetime(2025, 1, 22, 10, 18, 19, tzinfo=datetime.timezone.utc), datetime.datetime(2025, 1, 22, 20, 56, 21, tzinfo=datetime.timezone.utc)]","[datetime.datetime(2025, 1, 22, 10, 19, 7, tzinfo=datetime.timezone.utc), datetime.datetime(2025, 1, 22, 20, 57, 5, tzinfo=datetime.timezone.utc)]"
seaofazov,45.4941,36.6463,50,10,2365,35,wide,0,"[datetime.datetime(2025, 1, 23, 8, 14, 28, tzinfo=datetime.timezone.utc)]","[datetime.datetime(2025, 1, 23, 8, 14, 25, tzinfo=datetime.timezone.utc)]"
caspiansea1,44.9028,47.9987,60,5,2360,30,wide,0,"[datetime.datetime(2025, 1, 21, 18, 18, 47, tzinfo=datetime.timezone.utc), datetime.datetime(2025, 1, 22, 7, 12, 57, tzinfo=datetime.timezone.utc)]","[datetime.datetime(2025, 1, 21, 18, 18, 59, tzinfo=datetime.timezone.utc), datetime.datetime(2025, 1, 22, 7, 13, 16, tzinfo=datetime.timezone.utc)]"
caspiansea2,45.7185,50.1439,60,5,2350,30,wide,0,"[datetime.datetime(2025, 1, 22, 7, 12, 47, tzinfo=datetime.timezone.utc)]","[datetime.datetime(2025, 1, 22, 7, 12, 49, tzinfo=datetime.timezone.utc)]"
caspiansea3,38.5324,53.3624,60,5,2340,30,wide,0,"[datetime.datetime(2025, 1, 23, 6, 42, 29, tzinfo=datetime.timezone.utc)]","[datetime.datetime(2025, 1, 23, 6, 42, 48, tzinfo=datetime.timezone.utc)]"
northaustralia1,-13.6363,126.1688,60,5,2330,30,wide,0,[],[]
northaustralia2,-15.6773,124.2246,60,5,2320,30,wide,0,[],[]
igalikufjorden,60.81,-45.58,60,10,2310,25,wide,0,"[datetime.datetime(2025, 1, 21, 13, 56, 15, tzinfo=datetime.timezone.utc), datetime.datetime(2025, 1, 23, 0, 6, 17, tzinfo=datetime.timezone.utc)]","[datetime.datetime(2025, 1, 21, 13, 56, 30, tzinfo=datetime.timezone.utc), datetime.datetime(2025, 1, 23, 0, 6, 35, tzinfo=datetime.timezone.utc)]"
bredefjord,60.85,-46.61,60,1,2300,25,wide,0,"[datetime.datetime(2025, 1, 21, 13, 56, 15, tzinfo=datetime.timezone.utc), datetime.datetime(2025, 1, 23, 0, 6, 20, tzinfo=datetime.timezone.utc)]","[datetime.datetime(2025, 1, 21, 13, 56, 36, tzinfo=datetime.timezone.utc), datetime.datetime(2025, 1, 23, 0, 6, 38, tzinfo=datetime.timezone.utc)]"
svalbardnyaalesund,78.96,11.95,60,1,2280,35,wide,0,"[datetime.datetime(2025, 1, 21, 12, 16, 59, tzinfo=datetime.timezone.utc), datetime.datetime(2025, 1, 21, 18, 28, 13, tzinfo=datetime.timezone.utc), datetime.datetime(2025, 1, 22, 11, 45, 6, tzinfo=datetime.timezone.utc), datetime.datetime(2025, 1, 22, 17, 56, 23, tzinfo=datetime.timezone.utc)]","[datetime.datetime(2025, 1, 21, 12, 17, 14, tzinfo=datetime.timezone.utc), datetime.datetime(2025, 1, 21, 18, 28, 32, tzinfo=datetime.timezone.utc), datetime.datetime(2025, 1, 22, 11, 45, 24, tzinfo=datetime.timezone.utc), datetime.datetime(2025, 1, 22, 17, 56, 38, tzinfo=datetime.timezone.utc)]"
svalbardeidembukta,78.38,12.30,60,1,2270,35,wide,0,"[datetime.datetime(2025, 1, 21, 12, 17, 8, tzinfo=datetime.timezone.utc), datetime.datetime(2025, 1, 21, 18, 28, 5, tzinfo=datetime.timezone.utc), datetime.datetime(2025, 1, 22, 11, 45, 12, tzinfo=datetime.timezone.utc), datetime.datetime(2025, 1, 22, 17, 56, 19, tzinfo=datetime.timezone.utc)]","[datetime.datetime(2025, 1, 21, 12, 17, 15, tzinfo=datetime.timezone.utc), datetime.datetime(2025, 1, 21, 18, 28, 25, tzinfo=datetime.timezone.utc), datetime.datetime(2025, 1, 22, 11, 45, 30, tzinfo=datetime.timezone.utc), datetime.datetime(2025, 1, 22, 17, 56, 28, tzinfo=datetime.timezone.utc)]"
vanmijenfjorden,77.80,15.60,60,1,2260,50,wide,0,"[datetime.datetime(2025, 1, 21, 10, 44, 6, tzinfo=datetime.timezone.utc), datetime.datetime(2025, 1, 21, 12, 17, 29, tzinfo=datetime.timezone.utc), datetime.datetime(2025, 1, 21, 18, 27, 52, tzinfo=datetime.timezone.utc), datetime.datetime(2025, 1, 22, 11, 45, 15, tzinfo=datetime.timezone.utc), datetime.datetime(2025, 1, 22, 17, 56, 5, tzinfo=datetime.timezone.utc)]","[datetime.datetime(2025, 1, 21, 10, 44, 9, tzinfo=datetime.timezone.utc), datetime.datetime(2025, 1, 21, 12, 16, 49, tzinfo=datetime.timezone.utc), datetime.datetime(2025, 1, 21, 18, 28, 11, tzinfo=datetime.timezone.utc), datetime.datetime(2025, 1, 22, 11, 45, 26, tzinfo=datetime.timezone.utc), datetime.datetime(2025, 1, 22, 17, 56, 15, tzinfo=datetime.timezone.utc)]"
alesund,62.67,5.98,60,1,2250,40,wide,0,"[datetime.datetime(2025, 1, 21, 10, 48, 16, tzinfo=datetime.timezone.utc), datetime.datetime(2025, 1, 22, 10, 16, 8, tzinfo=datetime.timezone.utc)]","[datetime.datetime(2025, 1, 21, 10, 47, 46, tzinfo=datetime.timezone.utc), datetime.datetime(2025, 1, 22, 10, 16, 16, tzinfo=datetime.timezone.utc)]"
bergen,60.3661,5.3218,60,1,2240,40,wide,0,"[datetime.datetime(2025, 1, 22, 10, 16, 40, tzinfo=datetime.timezone.utc), datetime.datetime(2025, 1, 22, 20, 58, 42, tzinfo=datetime.timezone.utc)]","[datetime.datetime(2025, 1, 22, 10, 16, 52, tzinfo=datetime.timezone.utc), datetime.datetime(2025, 1, 22, 20, 58, 15, tzinfo=datetime.timezone.utc)]"
roervik,65.00,10.50,60,1,2230,50,wide,0,"[datetime.datetime(2025, 1, 21, 19, 58, 11, tzinfo=datetime.timezone.utc), datetime.datetime(2025, 1, 22, 10, 15, 17, tzinfo=datetime.timezone.utc)]","[datetime.datetime(2025, 1, 21, 19, 58, 23, tzinfo=datetime.timezone.utc), datetime.datetime(2025, 1, 22, 10, 15, 37, tzinfo=datetime.timezone.utc)]"
skagerrak,58.45,10.08,60,1,2220,35,wide,0,"[datetime.datetime(2025, 1, 22, 10, 17, 9, tzinfo=datetime.timezone.utc)]","[datetime.datetime(2025, 1, 22, 10, 16, 59, tzinfo=datetime.timezone.utc)]"
solbergstrand,59.62,10.65,60,1,2210,40,wide,0,"[datetime.datetime(2025, 1, 22, 10, 16, 48, tzinfo=datetime.timezone.utc)]","[datetime.datetime(2025, 1, 22, 10, 16, 43, tzinfo=datetime.timezone.utc)]"
fredrikstad,59.15,10.87,60,1,2200,35,wide,0,"[datetime.datetime(2025, 1, 22, 10, 17, tzinfo=datetime.timezone.utc)]","[datetime.datetime(2025, 1, 22, 10, 16, 43, tzinfo=datetime.timezone.utc)]"
ytrehvaler,59.02,10.80,60,1,2190,35,wide,0,"[datetime.datetime(2025, 1, 22, 10, 17, 3, tzinfo=datetime.timezone.utc)]","[datetime.datetime(2025, 1, 22, 10, 16, 45, tzinfo=datetime.timezone.utc)]"
hardangerfjorden,60.18,6.05,60,1,2180,35,wide,0,"[datetime.datetime(2025, 1, 22, 10, 16, 39, tzinfo=datetime.timezone.utc)]","[datetime.datetime(2025, 1, 22, 10, 16, 56, tzinfo=datetime.timezone.utc)]"
vaeroeya,67.67,12.6,60,1,2170,35,wide,0,"[datetime.datetime(2025, 1, 21, 19, 58, 43, tzinfo=datetime.timezone.utc), datetime.datetime(2025, 1, 22, 10, 14, 33, tzinfo=datetime.timezone.utc), datetime.datetime(2025, 1, 22, 19, 27, 13, tzinfo=datetime.timezone.utc)]","[datetime.datetime(2025, 1, 21, 19, 58, 59, tzinfo=datetime.timezone.utc), datetime.datetime(2025, 1, 22, 10, 14, 53, tzinfo=datetime.timezone.utc), datetime.datetime(2025, 1, 22, 19, 26, 46, tzinfo=datetime.timezone.utc)]"
vardoe,70.34,31.1,60,1,2160,35,wide,0,"[datetime.datetime(2025, 1, 21, 18, 25, 38, tzinfo=datetime.timezone.utc), datetime.datetime(2025, 1, 23, 9, 41, 41, tzinfo=datetime.timezone.utc)]","[datetime.datetime(2025, 1, 21, 18, 25, 59, tzinfo=datetime.timezone.utc), datetime.datetime(2025, 1, 23, 9, 41, 19, tzinfo=datetime.timezone.utc)]"
andoeya,69.24,16.13,60,1,2150,35,wide,0,"[datetime.datetime(2025, 1, 22, 10, 14, 4, tzinfo=datetime.timezone.utc), datetime.datetime(2025, 1, 22, 19, 27, 4, tzinfo=datetime.timezone.utc)]","[datetime.datetime(2025, 1, 22, 10, 14, 22, tzinfo=datetime.timezone.utc), datetime.datetime(2025, 1, 22, 19, 27, 23, tzinfo=datetime.timezone.utc)]"
dutchwadden,53.08,5.05,60,1,2140,35,wide,0,"[datetime.datetime(2025, 1, 22, 10, 18, 28, tzinfo=datetime.timezone.utc), datetime.datetime(2025, 1, 22, 20, 56, 29, tzinfo=datetime.timezone.utc)]","[datetime.datetime(2025, 1, 22, 10, 18, 44, tzinfo=datetime.timezone.utc), datetime.datetime(2025, 1, 22, 20, 56, 48, tzinfo=datetime.timezone.utc)]"
osensjoen,61.22,11.86,60,1,2130,35,wide,0,"[datetime.datetime(2025, 1, 21, 19, 57, 23, tzinfo=datetime.timezone.utc), datetime.datetime(2025, 1, 22, 10, 16, 22, tzinfo=datetime.timezone.utc), datetime.datetime(2025, 1, 23, 9, 44, 33, tzinfo=datetime.timezone.utc)]","[datetime.datetime(2025, 1, 21, 19, 57, 15, tzinfo=datetime.timezone.utc), datetime.datetime(2025, 1, 22, 10, 16, 16, tzinfo=datetime.timezone.utc)]"
storsjoen,60.36,11.67,60,1,2120,35,wide,0,"[datetime.datetime(2025, 1, 21, 19, 57, 24, tzinfo=datetime.timezone.utc), datetime.datetime(2025, 1, 22, 10, 16, 39, tzinfo=datetime.timezone.utc), datetime.datetime(2025, 1, 23, 9, 44, 44, tzinfo=datetime.timezone.utc)]","[datetime.datetime(2025, 1, 21, 19, 56, 50, tzinfo=datetime.timezone.utc), datetime.datetime(2025, 1, 22, 10, 16, 24, tzinfo=datetime.timezone.utc)]"
boknafjorden,59.21,5.86,60,1,2110,35,wide,0,"[datetime.datetime(2025, 1, 22, 10, 16, 53, tzinfo=datetime.timezone.utc), datetime.datetime(2025, 1, 22, 20, 58, 24, tzinfo=datetime.timezone.utc)]","[datetime.datetime(2025, 1, 22, 10, 17, 12, tzinfo=datetime.timezone.utc), datetime.datetime(2025, 1, 22, 20, 57, 56, tzinfo=datetime.timezone.utc)]"
hardangerjokul,60.56,7.25,60,1,2100,35,wide,0,"[datetime.datetime(2025, 1, 22, 10, 16, 29, tzinfo=datetime.timezone.utc)]","[datetime.datetime(2025, 1, 22, 10, 16, 50, tzinfo=datetime.timezone.utc)]"
hardangerjokul2,60.52,7.37,60,1,2090,35,wide,0,"[datetime.datetime(2025, 1, 22, 10, 16, 30, tzinfo=datetime.timezone.utc)]","[datetime.datetime(2025, 1, 22, 10, 16, 50, tzinfo=datetime.timezone.utc)]"
peteriisland,-68.83,-90.61,60,1,2080,30,wide,0,"[datetime.datetime(2025, 1, 21, 14, 30, 40, tzinfo=datetime.timezone.utc)]","[datetime.datetime(2025, 1, 21, 14, 30, 59, tzinfo=datetime.timezone.utc)]"
bouvet,-54.42,3.36,60,1,2070,30,wide,0,"[datetime.datetime(2025, 1, 21, 22, 34, 19, tzinfo=datetime.timezone.utc), datetime.datetime(2025, 1, 22, 9, 13, 4, tzinfo=datetime.timezone.utc)]","[datetime.datetime(2025, 1, 21, 22, 34, 17, tzinfo=datetime.timezone.utc), datetime.datetime(2025, 1, 22, 9, 12, 54, tzinfo=datetime.timezone.utc)]"
bearisland,74.44,19.03,60,1,2060,30,wide,0,"[datetime.datetime(2025, 1, 21, 10, 44, 39, tzinfo=datetime.timezone.utc), datetime.datetime(2025, 1, 21, 18, 27, 7, tzinfo=datetime.timezone.utc), datetime.datetime(2025, 1, 22, 10, 12, 48, tzinfo=datetime.timezone.utc)]","[datetime.datetime(2025, 1, 21, 10, 44, 53, tzinfo=datetime.timezone.utc), datetime.datetime(2025, 1, 21, 18, 27, 17, tzinfo=datetime.timezone.utc), datetime.datetime(2025, 1, 22, 10, 13, 1, tzinfo=datetime.timezone.utc)]"
janmayen,71.00,-8.40,60,1,2050,30,wide,0,"[datetime.datetime(2025, 1, 21, 12, 19, 35, tzinfo=datetime.timezone.utc), datetime.datetime(2025, 1, 22, 11, 47, 33, tzinfo=datetime.timezone.utc), datetime.datetime(2025, 1, 22, 21, 1, 22, tzinfo=datetime.timezone.utc)]","[datetime.datetime(2025, 1, 21, 12, 19, 30, tzinfo=datetime.timezone.utc), datetime.datetime(2025, 1, 22, 11, 47, 51, tzinfo=datetime.timezone.utc), datetime.datetime(2025, 1, 22, 21, 1, 42, tzinfo=datetime.timezone.utc)]"
ytresogn,61.14,5.32,60,1,2040,35,quaternion,0,"[datetime.datetime(2025, 1, 22, 10, 16, 30, tzinfo=datetime.timezone.utc)]","[datetime.datetime(2025, 1, 22, 10, 16, 39, tzinfo=datetime.timezone.utc)]"
moby,20.80,-157.00,50,5,2030,30,wide,0,"[datetime.datetime(2025, 1, 21, 20, 22, 30, tzinfo=datetime.timezone.utc), datetime.datetime(2025, 1, 22, 8, 16, 56, tzinfo=datetime.timezone.utc)]","[datetime.datetime(2025, 1, 21, 20, 22, 40, tzinfo=datetime.timezone.utc), datetime.datetime(2025, 1, 22, 8, 17, 34, tzinfo=datetime.timezone.utc)]"
palgrunden,58.76,13.15,50,5,2020,30,wide,0,"[datetime.datetime(2025, 1, 21, 19, 56, 26, tzinfo=datetime.timezone.utc), datetime.datetime(2025, 1, 22, 10, 17, 14, tzinfo=datetime.timezone.utc), datetime.datetime(2025, 1, 23, 9, 44, 36, tzinfo=datetime.timezone.utc)]","[datetime.datetime(2025, 1, 21, 19, 56, 53, tzinfo=datetime.timezone.utc), datetime.datetime(2025, 1, 22, 10, 16, 27, tzinfo=datetime.timezone.utc)]"
gloria,45.16,29.38,50,5,2010,30,wide,0,"[datetime.datetime(2025, 1, 22, 19, 20, 25, tzinfo=datetime.timezone.utc), datetime.datetime(2025, 1, 23, 8, 14, 37, tzinfo=datetime.timezone.utc)]","[datetime.datetime(2025, 1, 22, 19, 21, 8, tzinfo=datetime.timezone.utc), datetime.datetime(2025, 1, 23, 8, 15, 3, tzinfo=datetime.timezone.utc)]"
erie,41.70,-82.70,50,5,2000,30,wide,0,"[datetime.datetime(2025, 1, 21, 15, 35, 38, tzinfo=datetime.timezone.utc), datetime.datetime(2025, 1, 23, 3, 8, 43, tzinfo=datetime.timezone.utc)]","[datetime.datetime(2025, 1, 21, 15, 35, 28, tzinfo=datetime.timezone.utc), datetime.datetime(2025, 1, 23, 3, 9, 13, tzinfo=datetime.timezone.utc)]"
baotau,40.85,109.60,50,1,1990,30,wide,0,[],[]
greenbay,44.58,-87.95,50,5,1980,30,wide,0,"[datetime.datetime(2025, 1, 23, 3, 9, 34, tzinfo=datetime.timezone.utc)]","[datetime.datetime(2025, 1, 23, 3, 10, 14, tzinfo=datetime.timezone.utc)]"
irbe,57.75,21.72,50,5,1970,40,wide,0,"[datetime.datetime(2025, 1, 21, 19, 55, 51, tzinfo=datetime.timezone.utc), datetime.datetime(2025, 1, 22, 19, 24, 1, tzinfo=datetime.timezone.utc)]","[datetime.datetime(2025, 1, 21, 19, 56, 19, tzinfo=datetime.timezone.utc), datetime.datetime(2025, 1, 22, 19, 24, 26, tzinfo=datetime.timezone.utc)]"
thornton,51.53,2.96,50,5,1960,40,wide,0,"[datetime.datetime(2025, 1, 22, 10, 18, 39, tzinfo=datetime.timezone.utc), datetime.datetime(2025, 1, 22, 20, 56, 1, tzinfo=datetime.timezone.utc)]","[datetime.datetime(2025, 1, 22, 10, 19, 29, tzinfo=datetime.timezone.utc), datetime.datetime(2025, 1, 22, 20, 56, 41, tzinfo=datetime.timezone.utc)]"
lacrau,43.10,6.00,50,5,1950,25,wide,0,"[datetime.datetime(2025, 1, 22, 20, 53, 49, tzinfo=datetime.timezone.utc)]","[datetime.datetime(2025, 1, 22, 20, 54, 25, tzinfo=datetime.timezone.utc)]"
rrvplaya,38.50,-115.69,50,1,1940,20,quaternion,0,"[datetime.datetime(2025, 1, 22, 5, 13, 51, tzinfo=datetime.timezone.utc), datetime.datetime(2025, 1, 22, 18, 11, 28, tzinfo=datetime.timezone.utc)]","[datetime.datetime(2025, 1, 22, 5, 14, 39, tzinfo=datetime.timezone.utc), datetime.datetime(2025, 1, 22, 18, 11, 53, tzinfo=datetime.timezone.utc)]"
gobabeb,-23.56,15.00,50,1,1930,20,wide,0,"[datetime.datetime(2025, 1, 21, 21, 8, 19, tzinfo=datetime.timezone.utc), datetime.datetime(2025, 1, 23, 8, 32, 37, tzinfo=datetime.timezone.utc)]","[datetime.datetime(2025, 1, 21, 21, 9, 7, tzinfo=datetime.timezone.utc), datetime.datetime(2025, 1, 23, 8, 33, 6, tzinfo=datetime.timezone.utc)]"
blanca,-39.15,-61.72,50,5,1920,30,wide,0,"[datetime.datetime(2025, 1, 22, 13, 50, 21, tzinfo=datetime.timezone.utc)]","[datetime.datetime(2025, 1, 22, 13, 50, 35, tzinfo=datetime.timezone.utc)]"
venice,45.30,12.50,50,5,1910,35,wide,0,[],[]
laplata,-34.8,-57.89,50,5,1900,30,wide,0,[],[]
berre,43.44,50.97,50,5,1890,30,wide,0,"[datetime.datetime(2025, 1, 21, 18, 18, 27, tzinfo=datetime.timezone.utc), datetime.datetime(2025, 1, 22, 7, 13, 16, tzinfo=datetime.timezone.utc), datetime.datetime(2025, 1, 22, 17, 46, 38, tzinfo=datetime.timezone.utc), datetime.datetime(2025, 1, 23, 6, 41, 39, tzinfo=datetime.timezone.utc)]","[datetime.datetime(2025, 1, 21, 18, 18, 22, tzinfo=datetime.timezone.utc), datetime.datetime(2025, 1, 22, 7, 13, 23, tzinfo=datetime.timezone.utc), datetime.datetime(2025, 1, 22, 17, 46, 32, tzinfo=datetime.timezone.utc), datetime.datetime(2025, 1, 23, 6, 41, 19, tzinfo=datetime.timezone.utc)]"
magest,45.54,-1.04,50,5,1880,30,wide,0,"[datetime.datetime(2025, 1, 21, 21, 26, 26, tzinfo=datetime.timezone.utc), datetime.datetime(2025, 1, 22, 10, 20, 24, tzinfo=datetime.timezone.utc)]","[datetime.datetime(2025, 1, 21, 21, 27, 15, tzinfo=datetime.timezone.utc), datetime.datetime(2025, 1, 22, 10, 21, 4, tzinfo=datetime.timezone.utc)]"
zeebrugge,51.36,31.18,50,5,1870,30,wide,0,"[datetime.datetime(2025, 1, 22, 8, 45, 3, tzinfo=datetime.timezone.utc), datetime.datetime(2025, 1, 22, 19, 21, 56, tzinfo=datetime.timezone.utc), datetime.datetime(2025, 1, 23, 8, 12, 59, tzinfo=datetime.timezone.utc)]","[datetime.datetime(2025, 1, 22, 8, 45, 3, tzinfo=datetime.timezone.utc), datetime.datetime(2025, 1, 22, 19, 22, 35, tzinfo=datetime.timezone.utc), datetime.datetime(2025, 1, 23, 8, 13, 25, tzinfo=datetime.timezone.utc)]"
casablanca,40.72,1.36,50,5,1860,30,wide,0,"[datetime.datetime(2025, 1, 21, 21, 25, 8, tzinfo=datetime.timezone.utc), datetime.datetime(2025, 1, 22, 10, 21, 31, tzinfo=datetime.timezone.utc)]","[datetime.datetime(2025, 1, 21, 21, 25, 56, tzinfo=datetime.timezone.utc), datetime.datetime(2025, 1, 22, 10, 22, 11, tzinfo=datetime.timezone.utc)]"
plocan,28.04,-15.39,50,5,1850,30,wide,0,"[datetime.datetime(2025, 1, 21, 10, 57, 46, tzinfo=datetime.timezone.utc)]","[datetime.datetime(2025, 1, 21, 10, 57, 24, tzinfo=datetime.timezone.utc)]"
ngomeni,-2.90,40.20,50,5,1840,30,wide,0,"[datetime.datetime(2025, 1, 22, 19, 7, 56, tzinfo=datetime.timezone.utc)]","[datetime.datetime(2025, 1, 22, 19, 8, 28, tzinfo=datetime.timezone.utc)]"
lucinda,-18.50,146.40,50,5,1830,30,wide,0,[],[]
kemigawa,35.60,140.00,50,5,1820,30,wide,0,"[datetime.datetime(2025, 1, 21, 12, 1, 5, tzinfo=datetime.timezone.utc), datetime.datetime(2025, 1, 22, 0, 59, 43, tzinfo=datetime.timezone.utc)]","[datetime.datetime(2025, 1, 21, 12, 1, 19, tzinfo=datetime.timezone.utc), datetime.datetime(2025, 1, 22, 1, 0, 30, tzinfo=datetime.timezone.utc)]"
ariake,33.10,130.30,50,5,1810,30,wide,0,"[datetime.datetime(2025, 1, 22, 13, 1, 45, tzinfo=datetime.timezone.utc)]","[datetime.datetime(2025, 1, 22, 13, 2, 18, tzinfo=datetime.timezone.utc)]"
socheongcho,37.40,124.70,50,5,1800,30,wide,0,"[datetime.datetime(2025, 1, 22, 13, 3, 7, tzinfo=datetime.timezone.utc), datetime.datetime(2025, 1, 23, 2, 0, 55, tzinfo=datetime.timezone.utc)]","[datetime.datetime(2025, 1, 22, 13, 3, 36, tzinfo=datetime.timezone.utc), datetime.datetime(2025, 1, 23, 2, 1, 43, tzinfo=datetime.timezone.utc)]"
buenosaires,-34.50,57.90,50,5,1790,30,wide,1,"[datetime.datetime(2025, 1, 23, 5, 28, 9, tzinfo=datetime.timezone.utc)]","[datetime.datetime(2025, 1, 23, 5, 28, 2, tzinfo=datetime.timezone.utc)]"
wavescis,28.86,-90.48,50,5,1780,30,wide,0,"[datetime.datetime(2025, 1, 22, 3, 37, 30, tzinfo=datetime.timezone.utc)]","[datetime.datetime(2025, 1, 22, 3, 38, 17, tzinfo=datetime.timezone.utc)]"
hboi,27.51,-80.40,50,5,1770,30,wide,0,"[datetime.datetime(2025, 1, 21, 15, 38, 45, tzinfo=datetime.timezone.utc), datetime.datetime(2025, 1, 23, 3, 4, 56, tzinfo=datetime.timezone.utc)]","[datetime.datetime(2025, 1, 21, 15, 39, 19, tzinfo=datetime.timezone.utc), datetime.datetime(2025, 1, 23, 3, 5, 38, tzinfo=datetime.timezone.utc)]"
lakeokeechobee,26.91,-80.80,50,5,1760,30,wide,0,"[datetime.datetime(2025, 1, 21, 15, 38, 53, tzinfo=datetime.timezone.utc), datetime.datetime(2025, 1, 23, 3, 4, 46, tzinfo=datetime.timezone.utc)]","[datetime.datetime(2025, 1, 21, 15, 39, 32, tzinfo=datetime.timezone.utc), datetime.datetime(2025, 1, 23, 3, 5, 32, tzinfo=datetime.timezone.utc)]"
cocobeach,28.41,-80.60,50,5,1750,30,wide,0,"[datetime.datetime(2025, 1, 21, 15, 38, 29, tzinfo=datetime.timezone.utc), datetime.datetime(2025, 1, 23, 3, 5, 10, tzinfo=datetime.timezone.utc)]","[datetime.datetime(2025, 1, 21, 15, 39, 10, tzinfo=datetime.timezone.utc), datetime.datetime(2025, 1, 23, 3, 5, 53, tzinfo=datetime.timezone.utc)]"
wilmington,33.50,-77.60,50,5,1740,30,wide,0,"[datetime.datetime(2025, 1, 21, 15, 37, 22, tzinfo=datetime.timezone.utc)]","[datetime.datetime(2025, 1, 21, 15, 37, 26, tzinfo=datetime.timezone.utc)]"
virginiabeach,36.90,-75.70,50,5,1730,30,wide,0,"[datetime.datetime(2025, 1, 22, 15, 4, 44, tzinfo=datetime.timezone.utc)]","[datetime.datetime(2025, 1, 22, 15, 4, 35, tzinfo=datetime.timezone.utc)]"
annapolis,39.10,-76.30,50,5,1720,30,wide,0,"[datetime.datetime(2025, 1, 21, 15, 35, 47, tzinfo=datetime.timezone.utc)]","[datetime.datetime(2025, 1, 21, 15, 36, 5, tzinfo=datetime.timezone.utc)]"
longisland,41.00,-73.30,50,5,1710,30,wide,0,"[datetime.datetime(2025, 1, 22, 2, 7, 21, tzinfo=datetime.timezone.utc), datetime.datetime(2025, 1, 22, 15, 3, 15, tzinfo=datetime.timezone.utc)]","[datetime.datetime(2025, 1, 22, 2, 7, 23, tzinfo=datetime.timezone.utc), datetime.datetime(2025, 1, 22, 15, 3, 47, tzinfo=datetime.timezone.utc)]"
mvco,41.30,-70.60,50,5,1700,30,wide,0,"[datetime.datetime(2025, 1, 22, 2, 6, 56, tzinfo=datetime.timezone.utc), datetime.datetime(2025, 1, 22, 15, 2, 55, tzinfo=datetime.timezone.utc)]","[datetime.datetime(2025, 1, 22, 2, 7, 42, tzinfo=datetime.timezone.utc), datetime.datetime(2025, 1, 22, 15, 3, 45, tzinfo=datetime.timezone.utc)]"
losangeles,33.60,-118.10,50,5,1690,30,quaternion,0,"[datetime.datetime(2025, 1, 22, 5, 13, 13, tzinfo=datetime.timezone.utc), datetime.datetime(2025, 1, 22, 18, 12, 40, tzinfo=datetime.timezone.utc)]","[datetime.datetime(2025, 1, 22, 5, 13, 3, tzinfo=datetime.timezone.utc), datetime.datetime(2025, 1, 22, 18, 13, 21, tzinfo=datetime.timezone.utc)]"
grizzlybay,38.10,-121.90,50,5,1680,30,wide,0,"[datetime.datetime(2025, 1, 22, 18, 11, 57, tzinfo=datetime.timezone.utc)]","[datetime.datetime(2025, 1, 22, 18, 12, 7, tzinfo=datetime.timezone.utc)]"
voertsjaerv,58.27,26.05,50,5,1670,30,wide,0,"[datetime.datetime(2025, 1, 22, 8, 43, 16, tzinfo=datetime.timezone.utc), datetime.datetime(2025, 1, 22, 19, 23, 46, tzinfo=datetime.timezone.utc)]","[datetime.datetime(2025, 1, 22, 8, 43, 48, tzinfo=datetime.timezone.utc), datetime.datetime(2025, 1, 22, 19, 24, 36, tzinfo=datetime.timezone.utc)]"
wraysbury,51.45,-0.53,50,5,1660,30,wide,0,"[datetime.datetime(2025, 1, 21, 10, 50, 58, tzinfo=datetime.timezone.utc), datetime.datetime(2025, 1, 21, 21, 27, 59, tzinfo=datetime.timezone.utc), datetime.datetime(2025, 1, 22, 10, 19, 2, tzinfo=datetime.timezone.utc)]","[datetime.datetime(2025, 1, 21, 10, 51, 7, tzinfo=datetime.timezone.utc), datetime.datetime(2025, 1, 21, 21, 28, 39, tzinfo=datetime.timezone.utc), datetime.datetime(2025, 1, 22, 10, 19, 26, tzinfo=datetime.timezone.utc)]"
garda,45.57,10.57,50,5,1650,30,wide,0,"[datetime.datetime(2025, 1, 22, 20, 54, 22, tzinfo=datetime.timezone.utc)]","[datetime.datetime(2025, 1, 22, 20, 54, 44, tzinfo=datetime.timezone.utc)]"
macquarie,-54.67,158.82,50,5,1640,30,wide,0,"[datetime.datetime(2025, 1, 21, 22, 16, 25, tzinfo=datetime.timezone.utc)]","[datetime.datetime(2025, 1, 21, 22, 16, 23, tzinfo=datetime.timezone.utc)]"
heard,-53.0,73.22,50,5,1630,30,wide,0,"[datetime.datetime(2025, 1, 21, 17, 52, 49, tzinfo=datetime.timezone.utc), datetime.datetime(2025, 1, 22, 4, 30, 42, tzinfo=datetime.timezone.utc), datetime.datetime(2025, 1, 22, 17, 21, 17, tzinfo=datetime.timezone.utc)]","[datetime.datetime(2025, 1, 21, 17, 53, 24, tzinfo=datetime.timezone.utc), datetime.datetime(2025, 1, 22, 4, 31, 26, tzinfo=datetime.timezone.utc), datetime.datetime(2025, 1, 22, 17, 21, 13, tzinfo=datetime.timezone.utc)]"
torshavn,62.0,-6.7,50,5,1620,30,wide,0,"[datetime.datetime(2025, 1, 21, 21, 30, 46, tzinfo=datetime.timezone.utc), datetime.datetime(2025, 1, 22, 20, 59, 24, tzinfo=datetime.timezone.utc)]","[datetime.datetime(2025, 1, 21, 21, 31, 34, tzinfo=datetime.timezone.utc), datetime.datetime(2025, 1, 22, 20, 59, 17, tzinfo=datetime.timezone.utc)]"
aquawatchlakehume,-36.11,147.03,50,5,1610,30,wide,0,"[datetime.datetime(2025, 1, 21, 23, 44, 40, tzinfo=datetime.timezone.utc), datetime.datetime(2025, 1, 22, 12, 44, 4, tzinfo=datetime.timezone.utc)]","[datetime.datetime(2025, 1, 21, 23, 45, 31, tzinfo=datetime.timezone.utc), datetime.datetime(2025, 1, 22, 12, 43, 32, tzinfo=datetime.timezone.utc)]"
aquawatchcockburn,-32.25,149.06,50,5,1600,30,wide,0,"[datetime.datetime(2025, 1, 21, 23, 43, 38, tzinfo=datetime.timezone.utc)]","[datetime.datetime(2025, 1, 21, 23, 44, 25, tzinfo=datetime.timezone.utc)]"
aquawatchmoreton,-27.29,153.26,50,5,1590,30,wide,0,"[datetime.datetime(2025, 1, 21, 11, 44, 40, tzinfo=datetime.timezone.utc)]","[datetime.datetime(2025, 1, 21, 11, 44, 49, tzinfo=datetime.timezone.utc)]"
aquawatchspencer,-34.41,135.9,50,5,1580,30,wide,0,"[datetime.datetime(2025, 1, 21, 13, 16, 10, tzinfo=datetime.timezone.utc), datetime.datetime(2025, 1, 23, 0, 46, 24, tzinfo=datetime.timezone.utc)]","[datetime.datetime(2025, 1, 21, 13, 16, 56, tzinfo=datetime.timezone.utc), datetime.datetime(2025, 1, 23, 0, 45, 57, tzinfo=datetime.timezone.utc)]"
aquawatchplymouth,50.40,-4.20,50,5,1570,30,wide,0,"[datetime.datetime(2025, 1, 21, 10, 51, 4, tzinfo=datetime.timezone.utc), datetime.datetime(2025, 1, 21, 21, 27, 51, tzinfo=datetime.timezone.utc)]","[datetime.datetime(2025, 1, 21, 10, 51, 52, tzinfo=datetime.timezone.utc), datetime.datetime(2025, 1, 21, 21, 28, 33, tzinfo=datetime.timezone.utc)]"
aquawatchmelbourne,-37.99,44.69,50,5,1560,30,wide,0,"[datetime.datetime(2025, 1, 21, 19, 30, 47, tzinfo=datetime.timezone.utc)]","[datetime.datetime(2025, 1, 21, 19, 31, 6, tzinfo=datetime.timezone.utc)]"
aquawatchheron ,-23.44,151.91,50,5,1550,30,wide,0,"[datetime.datetime(2025, 1, 21, 11, 46, 2, tzinfo=datetime.timezone.utc), datetime.datetime(2025, 1, 21, 23, 41, 23, tzinfo=datetime.timezone.utc)]","[datetime.datetime(2025, 1, 21, 11, 45, 32, tzinfo=datetime.timezone.utc), datetime.datetime(2025, 1, 21, 23, 41, 59, tzinfo=datetime.timezone.utc)]"
aquawatchcoral,-23.13,113.73,50,5,1540,30,wide,0,"[datetime.datetime(2025, 1, 22, 14, 21, 17, tzinfo=datetime.timezone.utc), datetime.datetime(2025, 1, 23, 2, 16, 56, tzinfo=datetime.timezone.utc)]","[datetime.datetime(2025, 1, 22, 14, 21, 30, tzinfo=datetime.timezone.utc), datetime.datetime(2025, 1, 23, 2, 17, 16, tzinfo=datetime.timezone.utc)]"
aquawatchgoogang,-35.41,149.26,50,5,1530,30,wide,0,"[datetime.datetime(2025, 1, 21, 23, 44, 31, tzinfo=datetime.timezone.utc)]","[datetime.datetime(2025, 1, 21, 23, 45, 8, tzinfo=datetime.timezone.utc)]"
aquawatchkeppel,-23.46,150.94,50,5,1520,30,wide,0,"[datetime.datetime(2025, 1, 21, 23, 41, 20, tzinfo=datetime.timezone.utc)]","[datetime.datetime(2025, 1, 21, 23, 42, 7, tzinfo=datetime.timezone.utc)]"
aquawatchsarawak,1.68,110.21,50,5,1510,30,wide,0,"[datetime.datetime(2025, 1, 22, 2, 42, 34, tzinfo=datetime.timezone.utc), datetime.datetime(2025, 1, 22, 14, 27, 29, tzinfo=datetime.timezone.utc)]","[datetime.datetime(2025, 1, 22, 2, 43, tzinfo=datetime.timezone.utc), datetime.datetime(2025, 1, 22, 14, 28, 9, tzinfo=datetime.timezone.utc)]"
aquawatchmekong,20.79,106.57,50,5,1500,30,wide,0,"[datetime.datetime(2025, 1, 22, 14, 32, 26, tzinfo=datetime.timezone.utc)]","[datetime.datetime(2025, 1, 22, 14, 33, 9, tzinfo=datetime.timezone.utc)]"
aquawatchgrahams,-32.77,151.79,50,5,1490,30,wide,0,[],[]
aquawatchgrippsland,-38.07,147.61,50,5,1480,30,wide,0,"[datetime.datetime(2025, 1, 21, 23, 45, 10, tzinfo=datetime.timezone.utc), datetime.datetime(2025, 1, 22, 12, 43, 30, tzinfo=datetime.timezone.utc)]","[datetime.datetime(2025, 1, 21, 23, 45, 57, tzinfo=datetime.timezone.utc), datetime.datetime(2025, 1, 22, 12, 43, 5, tzinfo=datetime.timezone.utc)]"
caletaBay,-41.48,-72.93,60,1,1470,35,wide,0,"[datetime.datetime(2025, 1, 21, 14, 23, 11, tzinfo=datetime.timezone.utc), datetime.datetime(2025, 1, 22, 3, 19, 19, tzinfo=datetime.timezone.utc)]","[datetime.datetime(2025, 1, 21, 14, 23, 29, tzinfo=datetime.timezone.utc), datetime.datetime(2025, 1, 22, 3, 19, 26, tzinfo=datetime.timezone.utc)]"
grindavik,63.85,-22.41,60,1,1460,35,wide,0,"[datetime.datetime(2025, 1, 21, 12, 21, 37, tzinfo=datetime.timezone.utc), datetime.datetime(2025, 1, 22, 22, 33, 16, tzinfo=datetime.timezone.utc)]","[datetime.datetime(2025, 1, 21, 12, 21, 58, tzinfo=datetime.timezone.utc), datetime.datetime(2025, 1, 22, 22, 33, 26, tzinfo=datetime.timezone.utc)]"
tenerife,28.25,-16.56,60,1,1450,30,wide,0,[],[]
northernAtlanticDust,28.00,-31.00,60,1,1440,25,wide,0,[],[]
mexicogulf,30.37,-88.98,60,1,1430,30,wide,0,"[datetime.datetime(2025, 1, 22, 3, 38, 7, tzinfo=datetime.timezone.utc)]","[datetime.datetime(2025, 1, 22, 3, 38, 17, tzinfo=datetime.timezone.utc)]"
biloxi,30.35,-88.94,60,1,1420,35,wide,0,"[datetime.datetime(2025, 1, 22, 3, 38, 7, tzinfo=datetime.timezone.utc)]","[datetime.datetime(2025, 1, 22, 3, 38, 16, tzinfo=datetime.timezone.utc)]"
sesimbra,38.31,-9.11,60,1,1410,30,wide,0,"[datetime.datetime(2025, 1, 21, 10, 54, 33, tzinfo=datetime.timezone.utc)]","[datetime.datetime(2025, 1, 21, 10, 54, 52, tzinfo=datetime.timezone.utc)]"
lisbon,38.53,-9.37,60,1,1400,30,wide,0,"[datetime.datetime(2025, 1, 21, 10, 54, 30, tzinfo=datetime.timezone.utc)]","[datetime.datetime(2025, 1, 21, 10, 54, 50, tzinfo=datetime.timezone.utc)]"
a23a,-63.25,-51.52,60,1,1390,20,wide,0,"[datetime.datetime(2025, 1, 22, 12, 23, tzinfo=datetime.timezone.utc)]","[datetime.datetime(2025, 1, 22, 12, 23, 22, tzinfo=datetime.timezone.utc), datetime.datetime(2025, 1, 23, 2, 40, 48, tzinfo=datetime.timezone.utc)]"
dubai,25.11,55.18,60,1,1380,20,wide,0,[],[]
fimbul,-69.65,-0.91,60,1,1370,35,wide,0,"[datetime.datetime(2025, 1, 22, 23, 31, 43, tzinfo=datetime.timezone.utc), datetime.datetime(2025, 1, 23, 8, 44, 51, tzinfo=datetime.timezone.utc)]","[datetime.datetime(2025, 1, 22, 23, 31, 58, tzinfo=datetime.timezone.utc), datetime.datetime(2025, 1, 23, 8, 45, 10, tzinfo=datetime.timezone.utc)]"
antarctica,-70.50,-8.25,60,1,1360,30,wide,0,"[datetime.datetime(2025, 1, 22, 0, 3, 39, tzinfo=datetime.timezone.utc), datetime.datetime(2025, 1, 22, 9, 17, 16, tzinfo=datetime.timezone.utc), datetime.datetime(2025, 1, 22, 23, 31, 53, tzinfo=datetime.timezone.utc), datetime.datetime(2025, 1, 23, 8, 45, 24, tzinfo=datetime.timezone.utc)]","[datetime.datetime(2025, 1, 22, 0, 3, 55, tzinfo=datetime.timezone.utc), datetime.datetime(2025, 1, 22, 9, 17, 29, tzinfo=datetime.timezone.utc), datetime.datetime(2025, 1, 22, 23, 31, 54, tzinfo=datetime.timezone.utc), datetime.datetime(2025, 1, 23, 8, 45, 34, tzinfo=datetime.timezone.utc)]"
florida,26.40,-82.12,60,1,1350,30,wide,0,"[datetime.datetime(2025, 1, 21, 15, 39, 15, tzinfo=datetime.timezone.utc), datetime.datetime(2025, 1, 23, 3, 4, 58, tzinfo=datetime.timezone.utc)]","[datetime.datetime(2025, 1, 21, 15, 39, 33, tzinfo=datetime.timezone.utc), datetime.datetime(2025, 1, 23, 3, 5, 12, tzinfo=datetime.timezone.utc)]"
southOcean,-68.10,6.00,60,1,1340,30,wide,0,"[datetime.datetime(2025, 1, 21, 22, 30, 44, tzinfo=datetime.timezone.utc)]","[datetime.datetime(2025, 1, 21, 22, 30, 55, tzinfo=datetime.timezone.utc)]"
tendrivska,46.22,31.75,60,1,1330,30,wide,0,"[datetime.datetime(2025, 1, 22, 19, 20, 49, tzinfo=datetime.timezone.utc), datetime.datetime(2025, 1, 23, 8, 14, 20, tzinfo=datetime.timezone.utc)]","[datetime.datetime(2025, 1, 22, 19, 21, 4, tzinfo=datetime.timezone.utc), datetime.datetime(2025, 1, 23, 8, 14, 37, tzinfo=datetime.timezone.utc)]"
kherson,46.64,32.56,60,1,1320,30,wide,0,"[datetime.datetime(2025, 1, 22, 19, 20, 59, tzinfo=datetime.timezone.utc), datetime.datetime(2025, 1, 23, 8, 14, 11, tzinfo=datetime.timezone.utc)]","[datetime.datetime(2025, 1, 22, 19, 21, 3, tzinfo=datetime.timezone.utc), datetime.datetime(2025, 1, 23, 8, 14, 30, tzinfo=datetime.timezone.utc)]"
kakhovka,46.77,33.34,60,1,1310,30,wide,0,"[datetime.datetime(2025, 1, 22, 19, 21, 9, tzinfo=datetime.timezone.utc), datetime.datetime(2025, 1, 23, 8, 14, 7, tzinfo=datetime.timezone.utc)]","[datetime.datetime(2025, 1, 22, 19, 20, 54, tzinfo=datetime.timezone.utc), datetime.datetime(2025, 1, 23, 8, 14, 26, tzinfo=datetime.timezone.utc)]"
aegean,38.46,25.21,60,1,1300,30,wide,0,"[datetime.datetime(2025, 1, 21, 19, 50, 56, tzinfo=datetime.timezone.utc), datetime.datetime(2025, 1, 22, 8, 48, 53, tzinfo=datetime.timezone.utc)]","[datetime.datetime(2025, 1, 21, 19, 51, 14, tzinfo=datetime.timezone.utc), datetime.datetime(2025, 1, 22, 8, 48, 12, tzinfo=datetime.timezone.utc)]"
marmara,40.67,28.09,60,1,1290,30,wide,0,"[datetime.datetime(2025, 1, 23, 8, 16, 17, tzinfo=datetime.timezone.utc)]","[datetime.datetime(2025, 1, 23, 8, 15, 46, tzinfo=datetime.timezone.utc)]"
dardanelles,40.31,26.61,60,1,1280,30,wide,0,"[datetime.datetime(2025, 1, 21, 19, 51, 31, tzinfo=datetime.timezone.utc)]","[datetime.datetime(2025, 1, 21, 19, 51, 29, tzinfo=datetime.timezone.utc)]"
istanbul,41.14,29.08,60,1,1270,30,quaternion,0,"[datetime.datetime(2025, 1, 23, 8, 15, 51, tzinfo=datetime.timezone.utc)]","[datetime.datetime(2025, 1, 23, 8, 15, 53, tzinfo=datetime.timezone.utc)]"
balearic,40.43,2.49,60,1,1260,30,wide,0,"[datetime.datetime(2025, 1, 21, 21, 25, 20, tzinfo=datetime.timezone.utc)]","[datetime.datetime(2025, 1, 21, 21, 25, 29, tzinfo=datetime.timezone.utc)]"
adriatic,41.44,18.35,60,1,1250,30,wide,0,[],[]
cookInlet,60.60,-151.48,60,1,1240,40,wide,0,"[datetime.datetime(2025, 1, 22, 6, 54, 8, tzinfo=datetime.timezone.utc)]","[datetime.datetime(2025, 1, 22, 6, 54, 7, tzinfo=datetime.timezone.utc)]"
puertomontt,-41.91,-73.08,60,1,1230,35,quaternion,0,"[datetime.datetime(2025, 1, 21, 14, 23, 18, tzinfo=datetime.timezone.utc), datetime.datetime(2025, 1, 22, 3, 19, 10, tzinfo=datetime.timezone.utc)]","[datetime.datetime(2025, 1, 21, 14, 23, 36, tzinfo=datetime.timezone.utc), datetime.datetime(2025, 1, 22, 3, 19, 23, tzinfo=datetime.timezone.utc)]"
pangal,-44.83,-73.55,60,1,1220,30,wide,0,"[datetime.datetime(2025, 1, 21, 14, 24, 5, tzinfo=datetime.timezone.utc), datetime.datetime(2025, 1, 22, 3, 18, 23, tzinfo=datetime.timezone.utc)]","[datetime.datetime(2025, 1, 21, 14, 24, 20, tzinfo=datetime.timezone.utc), datetime.datetime(2025, 1, 22, 3, 18, 44, tzinfo=datetime.timezone.utc)]"
hobart,-43.04,147.53,60,1,1210,30,wide,0,"[datetime.datetime(2025, 1, 21, 23, 46, 53, tzinfo=datetime.timezone.utc), datetime.datetime(2025, 1, 22, 12, 42, 7, tzinfo=datetime.timezone.utc)]","[datetime.datetime(2025, 1, 21, 23, 46, 46, tzinfo=datetime.timezone.utc), datetime.datetime(2025, 1, 22, 12, 41, 59, tzinfo=datetime.timezone.utc)]"
balaton,46.84,17.72,60,1,1200,30,wide,0,[],[]
pontadelgada,37.78,-25.66,60,1,1190,20,wide,0,"[datetime.datetime(2025, 1, 22, 11, 56, 28, tzinfo=datetime.timezone.utc)]","[datetime.datetime(2025, 1, 22, 11, 56, 44, tzinfo=datetime.timezone.utc)]"
khnifiss,28.08,-12.08,60,1,1180,25,wide,0,"[datetime.datetime(2025, 1, 21, 10, 57, 16, tzinfo=datetime.timezone.utc), datetime.datetime(2025, 1, 22, 22, 23, 52, tzinfo=datetime.timezone.utc)]","[datetime.datetime(2025, 1, 21, 10, 57, 38, tzinfo=datetime.timezone.utc), datetime.datetime(2025, 1, 22, 22, 24, 5, tzinfo=datetime.timezone.utc)]"
dahlak,16.00,40.38,60,1,1170,25,wide,0,"[datetime.datetime(2025, 1, 22, 7, 20, 34, tzinfo=datetime.timezone.utc), datetime.datetime(2025, 1, 22, 19, 13, 9, tzinfo=datetime.timezone.utc)]","[datetime.datetime(2025, 1, 22, 7, 20, 53, tzinfo=datetime.timezone.utc), datetime.datetime(2025, 1, 22, 19, 12, 46, tzinfo=datetime.timezone.utc)]"
djibouti,11.70,42.96,60,1,1160,20,wide,0,[],[]
kilmia,12.22,52.19,60,1,1150,20,quaternion,0,"[datetime.datetime(2025, 1, 21, 18, 10, 45, tzinfo=datetime.timezone.utc)]","[datetime.datetime(2025, 1, 21, 18, 10, 12, tzinfo=datetime.timezone.utc)]"
palkstrait,9.5774,79.6805,60,1,1149,30,wide,0,"[datetime.datetime(2025, 1, 21, 16, 35, 42, tzinfo=datetime.timezone.utc)]","[datetime.datetime(2025, 1, 21, 16, 35, 49, tzinfo=datetime.timezone.utc)]"
gulfofmartaban,16.5178,96.9891,60,1,1148,30,wide,0,"[datetime.datetime(2025, 1, 23, 3, 40, 34, tzinfo=datetime.timezone.utc)]","[datetime.datetime(2025, 1, 23, 3, 40, 41, tzinfo=datetime.timezone.utc)]"
gulfofkhamphat,21.5714,72.4023,60,1,1147,30,wide,0,"[datetime.datetime(2025, 1, 23, 5, 13, 8, tzinfo=datetime.timezone.utc)]","[datetime.datetime(2025, 1, 23, 5, 13, 23, tzinfo=datetime.timezone.utc)]"
lakewinnipegosis,52.31,-99.85,60,1,1146,30,wide,0,"[datetime.datetime(2025, 1, 21, 17, 6, 22, tzinfo=datetime.timezone.utc), datetime.datetime(2025, 1, 22, 3, 44, 13, tzinfo=datetime.timezone.utc)]","[datetime.datetime(2025, 1, 21, 17, 6, 37, tzinfo=datetime.timezone.utc), datetime.datetime(2025, 1, 22, 3, 44, 8, tzinfo=datetime.timezone.utc)]"
bayoffundy,45.2926,-65.0934,60,1,1145,30,wide,0,"[datetime.datetime(2025, 1, 23, 1, 36, 15, tzinfo=datetime.timezone.utc)]","[datetime.datetime(2025, 1, 23, 1, 36, 15, tzinfo=datetime.timezone.utc)]"
stlorancedelta,47.4304,-70.1920,60,1,1144,30,wide,0,"[datetime.datetime(2025, 1, 22, 2, 8, 44, tzinfo=datetime.timezone.utc), datetime.datetime(2025, 1, 22, 15, 1, 40, tzinfo=datetime.timezone.utc)]","[datetime.datetime(2025, 1, 22, 2, 8, 56, tzinfo=datetime.timezone.utc), datetime.datetime(2025, 1, 22, 15, 1, 53, tzinfo=datetime.timezone.utc)]"
mauritaniacoast,19.3841,-16.6380,60,1,1143,30,wide,0,"[datetime.datetime(2025, 1, 21, 22, 53, 39, tzinfo=datetime.timezone.utc)]","[datetime.datetime(2025, 1, 21, 22, 53, 54, tzinfo=datetime.timezone.utc)]"
singapore,0.9424,103.7946,60,1,1142,30,wide,0,"[datetime.datetime(2025, 1, 21, 14, 59, 33, tzinfo=datetime.timezone.utc)]","[datetime.datetime(2025, 1, 21, 14, 59, 51, tzinfo=datetime.timezone.utc)]"
hangzhoubay,30.4683,121.9408,60,1,1141,30,wide,0,"[datetime.datetime(2025, 1, 21, 13, 33, 25, tzinfo=datetime.timezone.utc), datetime.datetime(2025, 1, 23, 2, 3, 5, tzinfo=datetime.timezone.utc)]","[datetime.datetime(2025, 1, 21, 13, 33, 41, tzinfo=datetime.timezone.utc), datetime.datetime(2025, 1, 23, 2, 3, 21, tzinfo=datetime.timezone.utc)]"
penzhinabay,61.4680,163.4429,60,1,1140,30,wide,0,"[datetime.datetime(2025, 1, 22, 10, 1, 49, tzinfo=datetime.timezone.utc)]","[datetime.datetime(2025, 1, 22, 10, 2, 7, tzinfo=datetime.timezone.utc)]"
lakesarygamysh,41.8962,57.4080,60,1,1139,30,wide,0,"[datetime.datetime(2025, 1, 22, 17, 45, 53, tzinfo=datetime.timezone.utc), datetime.datetime(2025, 1, 23, 6, 41, 43, tzinfo=datetime.timezone.utc)]","[datetime.datetime(2025, 1, 22, 17, 45, 57, tzinfo=datetime.timezone.utc), datetime.datetime(2025, 1, 23, 6, 41, 31, tzinfo=datetime.timezone.utc)]"
aralsea,45.0728,58.4987,60,1,1138,30,wide,0,"[datetime.datetime(2025, 1, 23, 6, 40, 52, tzinfo=datetime.timezone.utc)]","[datetime.datetime(2025, 1, 23, 6, 40, 41, tzinfo=datetime.timezone.utc)]"
straightoftartary,52.6629,141.5666,60,1,1137,30,wide,0,"[datetime.datetime(2025, 1, 22, 0, 55, 45, tzinfo=datetime.timezone.utc)]","[datetime.datetime(2025, 1, 22, 0, 55, 42, tzinfo=datetime.timezone.utc)]"
hawkebay,-39.3982,177.1833,60,1,1136,30,wide,0,"[datetime.datetime(2025, 1, 22, 21, 39, 47, tzinfo=datetime.timezone.utc)]","[datetime.datetime(2025, 1, 22, 21, 40, 7, tzinfo=datetime.timezone.utc)]"
arafurasea,-6.9741,138.4289,60,1,1135,30,wide,0,"[datetime.datetime(2025, 1, 22, 12, 51, 38, tzinfo=datetime.timezone.utc), datetime.datetime(2025, 1, 23, 0, 38, 57, tzinfo=datetime.timezone.utc)]","[datetime.datetime(2025, 1, 22, 12, 51, 28, tzinfo=datetime.timezone.utc), datetime.datetime(2025, 1, 23, 0, 39, 15, tzinfo=datetime.timezone.utc)]"
timaru,-44.6329,171.2546,60,1,1134,30,wide,0,"[datetime.datetime(2025, 1, 22, 11, 7, 48, tzinfo=datetime.timezone.utc)]","[datetime.datetime(2025, 1, 22, 11, 7, 47, tzinfo=datetime.timezone.utc)]"
lakeellesmere,-43.7833,172.4539,60,1,1133,30,wide,0,[],[]
pegasusbay,-43.3330,172.9192,60,1,1132,30,wide,0,[],[]
bankspeninsula,-43.7666,172.9738,60,1,1131,30,wide,0,[],[]
lakewinnipeg,53.06,-98.06,60,1,1130,30,wide,0,"[datetime.datetime(2025, 1, 21, 17, 6, 4, tzinfo=datetime.timezone.utc), datetime.datetime(2025, 1, 22, 3, 44, 8, tzinfo=datetime.timezone.utc)]","[datetime.datetime(2025, 1, 21, 17, 6, 24, tzinfo=datetime.timezone.utc), datetime.datetime(2025, 1, 22, 3, 44, 26, tzinfo=datetime.timezone.utc)]"
lakeqinghai,36.87,100.17,60,1,1120,30,wide,0,"[datetime.datetime(2025, 1, 23, 3, 35, 12, tzinfo=datetime.timezone.utc)]","[datetime.datetime(2025, 1, 23, 3, 35, 31, tzinfo=datetime.timezone.utc)]"
capetown,-34.24,18.29,60,1,1110,30,wide,0,"[datetime.datetime(2025, 1, 21, 21, 5, 46, tzinfo=datetime.timezone.utc)]","[datetime.datetime(2025, 1, 21, 21, 6, tzinfo=datetime.timezone.utc)]"
losangeles,33.60,-118.39,60,1,1100,30,quaternion,0,"[datetime.datetime(2025, 1, 22, 18, 12, 56, tzinfo=datetime.timezone.utc)]","[datetime.datetime(2025, 1, 22, 18, 13, 6, tzinfo=datetime.timezone.utc)]"
bluenile,11.18,35.12,60,1,1090,25,wide,0,[],[]
capedyer,66.63,-60.99,60,1,1080,25,wide,0,"[datetime.datetime(2025, 1, 21, 15, 28, 37, tzinfo=datetime.timezone.utc), datetime.datetime(2025, 1, 22, 0, 40, 10, tzinfo=datetime.timezone.utc), datetime.datetime(2025, 1, 22, 14, 56, 33, tzinfo=datetime.timezone.utc)]","[datetime.datetime(2025, 1, 21, 15, 28, 23, tzinfo=datetime.timezone.utc), datetime.datetime(2025, 1, 22, 0, 40, 25, tzinfo=datetime.timezone.utc), datetime.datetime(2025, 1, 22, 14, 56, 45, tzinfo=datetime.timezone.utc)]"
ladyfranklin,62.91,-63.68,60,1,1070,25,wide,0,"[datetime.datetime(2025, 1, 22, 14, 57, 34, tzinfo=datetime.timezone.utc)]","[datetime.datetime(2025, 1, 22, 14, 57, 45, tzinfo=datetime.timezone.utc)]"
satoaluk,56.47,-60.84,60,1,1060,25,wide,0,"[datetime.datetime(2025, 1, 22, 14, 59, 27, tzinfo=datetime.timezone.utc)]","[datetime.datetime(2025, 1, 22, 14, 58, 50, tzinfo=datetime.timezone.utc)]"
nuuk,63.92,-52.48,60,1,1050,25,wide,0,"[datetime.datetime(2025, 1, 22, 0, 39, 22, tzinfo=datetime.timezone.utc), datetime.datetime(2025, 1, 23, 0, 7, 29, tzinfo=datetime.timezone.utc)]","[datetime.datetime(2025, 1, 22, 0, 39, 18, tzinfo=datetime.timezone.utc), datetime.datetime(2025, 1, 23, 0, 7, 25, tzinfo=datetime.timezone.utc)]"
lakeUpemba,-8.64,26.40,60,1,1040,30,wide,0,[],[]
labradornorth,66.37,-58.22,60,1,1030,30,wide,0,"[datetime.datetime(2025, 1, 22, 0, 39, 57, tzinfo=datetime.timezone.utc), datetime.datetime(2025, 1, 22, 14, 56, 27, tzinfo=datetime.timezone.utc)]","[datetime.datetime(2025, 1, 22, 0, 40, 17, tzinfo=datetime.timezone.utc), datetime.datetime(2025, 1, 22, 14, 56, 47, tzinfo=datetime.timezone.utc)]"
labradorcentral,60.97,-57.04,60,1,1020,30,wide,0,"[datetime.datetime(2025, 1, 22, 0, 38, 41, tzinfo=datetime.timezone.utc)]","[datetime.datetime(2025, 1, 22, 0, 38, 50, tzinfo=datetime.timezone.utc)]"
labradorsouth,55.33,-54.27,60,1,1010,30,wide,0,"[datetime.datetime(2025, 1, 22, 0, 37, 16, tzinfo=datetime.timezone.utc)]","[datetime.datetime(2025, 1, 22, 0, 37, 15, tzinfo=datetime.timezone.utc)]"
kremenchutskeReservoir,49.2239,32.8172,50,3,1000,30,wide,0,"[datetime.datetime(2025, 1, 22, 19, 21, 27, tzinfo=datetime.timezone.utc), datetime.datetime(2025, 1, 23, 8, 13, 17, tzinfo=datetime.timezone.utc)]","[datetime.datetime(2025, 1, 22, 19, 21, 53, tzinfo=datetime.timezone.utc), datetime.datetime(2025, 1, 23, 8, 14, 5, tzinfo=datetime.timezone.utc)]"
labradorwest,60.99,-63.80,60,1,990,30,wide,0,"[datetime.datetime(2025, 1, 22, 14, 58, tzinfo=datetime.timezone.utc)]","[datetime.datetime(2025, 1, 22, 14, 58, 17, tzinfo=datetime.timezone.utc)]"
labradoreast,56.27,-49.34,60,1,980,30,wide,0,"[datetime.datetime(2025, 1, 21, 13, 57, 29, tzinfo=datetime.timezone.utc), datetime.datetime(2025, 1, 22, 0, 37, 16, tzinfo=datetime.timezone.utc)]","[datetime.datetime(2025, 1, 21, 13, 57, 49, tzinfo=datetime.timezone.utc), datetime.datetime(2025, 1, 22, 0, 37, 22, tzinfo=datetime.timezone.utc)]"
lakebalkhash,46.14,74.22,60,1,970,30,wide,0,"[datetime.datetime(2025, 1, 22, 5, 38, 53, tzinfo=datetime.timezone.utc)]","[datetime.datetime(2025, 1, 22, 5, 38, 45, tzinfo=datetime.timezone.utc)]"
tasmania,-40.69,148.27,60,1,960,30,wide,0,"[datetime.datetime(2025, 1, 21, 23, 46, 18, tzinfo=datetime.timezone.utc)]","[datetime.datetime(2025, 1, 21, 23, 46, 6, tzinfo=datetime.timezone.utc)]"
marlborough,-41.44,174.24,60,1,950,30,wide,0,"[datetime.datetime(2025, 1, 22, 21, 40, 44, tzinfo=datetime.timezone.utc)]","[datetime.datetime(2025, 1, 22, 21, 40, 28, tzinfo=datetime.timezone.utc)]"
limerick,52.68,-8.85,60,1,940,25,wide,0,[],[]
trollgasfield,56.49,3.50,60,1,930,25,wide,0,"[datetime.datetime(2025, 1, 22, 10, 17, 42, tzinfo=datetime.timezone.utc), datetime.datetime(2025, 1, 22, 20, 57, 24, tzinfo=datetime.timezone.utc)]","[datetime.datetime(2025, 1, 22, 10, 17, 55, tzinfo=datetime.timezone.utc), datetime.datetime(2025, 1, 22, 20, 57, 43, tzinfo=datetime.timezone.utc)]"
clairoilfield,60.79,-2.32,60,1,920,25,wide,0,"[datetime.datetime(2025, 1, 21, 10, 48, 41, tzinfo=datetime.timezone.utc), datetime.datetime(2025, 1, 22, 20, 58, 50, tzinfo=datetime.timezone.utc)]","[datetime.datetime(2025, 1, 21, 10, 48, 56, tzinfo=datetime.timezone.utc), datetime.datetime(2025, 1, 22, 20, 58, 55, tzinfo=datetime.timezone.utc)]"
saltlake,41.15,-112.56,60,1,910,20,wide,0,[],[]
kuwait,29.61,48.54,60,1,900,20,wide,0,"[datetime.datetime(2025, 1, 21, 18, 15, 7, tzinfo=datetime.timezone.utc)]","[datetime.datetime(2025, 1, 21, 18, 14, 55, tzinfo=datetime.timezone.utc)]"
gqeberha,-34.11,25.67,60,1,890,25,wide,0,"[datetime.datetime(2025, 1, 22, 20, 33, 37, tzinfo=datetime.timezone.utc)]","[datetime.datetime(2025, 1, 22, 20, 33, 56, tzinfo=datetime.timezone.utc)]"
durban,-29.92,31.06,60,1,880,25,wide,0,"[datetime.datetime(2025, 1, 22, 7, 32, 35, tzinfo=datetime.timezone.utc)]","[datetime.datetime(2025, 1, 22, 7, 32, 55, tzinfo=datetime.timezone.utc)]"
saldanha,-33.09,17.93,60,1,870,25,wide,0,"[datetime.datetime(2025, 1, 21, 21, 6, 4, tzinfo=datetime.timezone.utc)]","[datetime.datetime(2025, 1, 21, 21, 6, 18, tzinfo=datetime.timezone.utc)]"
ilescrozet,-46.48,51.83,60,1,860,25,wide,0,"[datetime.datetime(2025, 1, 22, 6, 3, 7, tzinfo=datetime.timezone.utc), datetime.datetime(2025, 1, 22, 18, 56, 31, tzinfo=datetime.timezone.utc)]","[datetime.datetime(2025, 1, 22, 6, 3, 17, tzinfo=datetime.timezone.utc), datetime.datetime(2025, 1, 22, 18, 56, 52, tzinfo=datetime.timezone.utc)]"
princeedward,-46.91,37.74,60,1,850,25,wide,0,"[datetime.datetime(2025, 1, 23, 7, 5, 11, tzinfo=datetime.timezone.utc)]","[datetime.datetime(2025, 1, 23, 7, 4, 41, tzinfo=datetime.timezone.utc)]"
falklands,-51.79,-59.49,60,1,840,25,wide,0,"[datetime.datetime(2025, 1, 23, 2, 44, 36, tzinfo=datetime.timezone.utc)]","[datetime.datetime(2025, 1, 23, 2, 44, 9, tzinfo=datetime.timezone.utc)]"
xaafuun,10.45,51.45,60,1,830,20,quaternion,0,[],[]
kalleesa,12.55,54.53,60,1,820,20,quaternion,0,"[datetime.datetime(2025, 1, 21, 18, 10, 18, tzinfo=datetime.timezone.utc)]","[datetime.datetime(2025, 1, 21, 18, 10, 36, tzinfo=datetime.timezone.utc)]"
warsheikh,2.29,45.80,60,1,810,20,wide,0,"[datetime.datetime(2025, 1, 23, 6, 51, 58, tzinfo=datetime.timezone.utc)]","[datetime.datetime(2025, 1, 23, 6, 52, 17, tzinfo=datetime.timezone.utc)]"
mogadishu,2.00,45.31,60,1,800,20,wide,0,"[datetime.datetime(2025, 1, 23, 6, 52, 5, tzinfo=datetime.timezone.utc)]","[datetime.datetime(2025, 1, 23, 6, 52, 22, tzinfo=datetime.timezone.utc)]"
bajuni,-0.91,42.15,60,1,790,20,wide,0,"[datetime.datetime(2025, 1, 22, 19, 8, 29, tzinfo=datetime.timezone.utc)]","[datetime.datetime(2025, 1, 22, 19, 8, 44, tzinfo=datetime.timezone.utc)]"
lamu,-2.21,41.09,60,1,780,20,wide,0,"[datetime.datetime(2025, 1, 22, 19, 8, 13, tzinfo=datetime.timezone.utc)]","[datetime.datetime(2025, 1, 22, 19, 8, 27, tzinfo=datetime.timezone.utc)]"
watamu,-3.41,40.00,60,1,770,20,wide,0,"[datetime.datetime(2025, 1, 22, 19, 8, 16, tzinfo=datetime.timezone.utc)]","[datetime.datetime(2025, 1, 22, 19, 7, 54, tzinfo=datetime.timezone.utc)]"
mombasa,-4.08,39.70,60,1,760,20,wide,0,[],[]
oslo,59.88,10.83,50,2,2510,35,wide,0,"[datetime.datetime(2025, 1, 21, 19, 57, 1, tzinfo=datetime.timezone.utc), datetime.datetime(2025, 1, 22, 10, 16, 23, tzinfo=datetime.timezone.utc), datetime.datetime(2025, 1, 23, 9, 44, 35, tzinfo=datetime.timezone.utc)]","[datetime.datetime(2025, 1, 21, 19, 57, 3, tzinfo=datetime.timezone.utc), datetime.datetime(2025, 1, 22, 10, 16, 59, tzinfo=datetime.timezone.utc)]"
kiwani,-5.17,39.72,60,1,750,20,wide,0,[],[]
zanzibar,-6.15,39.34,60,1,740,20,wide,0,[],[]
mafia,-7.62,39.62,60,1,730,20,wide,0,[],[]
kilwa,-8.99,39.54,60,1,720,20,wide,0,[],[]
ruvuma,-10.41,40.50,60,1,710,20,wide,0,[],[]
mayotte,-12.80,45.15,60,1,700,20,wide,0,"[datetime.datetime(2025, 1, 22, 19, 5, 24, tzinfo=datetime.timezone.utc), datetime.datetime(2025, 1, 23, 6, 56, 12, tzinfo=datetime.timezone.utc)]","[datetime.datetime(2025, 1, 22, 19, 5, 32, tzinfo=datetime.timezone.utc), datetime.datetime(2025, 1, 23, 6, 55, 44, tzinfo=datetime.timezone.utc)]"
ifaho,-15.80,50.36,60,1,690,20,wide,0,[],[]
miramar,-23.84,35.57,60,1,680,20,quaternion,0,[],[]
maputo,-25.99,32.99,60,1,670,20,wide,0,"[datetime.datetime(2025, 1, 22, 7, 31, 32, tzinfo=datetime.timezone.utc)]","[datetime.datetime(2025, 1, 22, 7, 31, 48, tzinfo=datetime.timezone.utc)]"
aaland,60.16,20.16,60,1,660,40,wide,0,"[datetime.datetime(2025, 1, 21, 19, 56, 49, tzinfo=datetime.timezone.utc), datetime.datetime(2025, 1, 22, 19, 25, 4, tzinfo=datetime.timezone.utc), datetime.datetime(2025, 1, 23, 9, 44, 42, tzinfo=datetime.timezone.utc)]","[datetime.datetime(2025, 1, 21, 19, 56, 41, tzinfo=datetime.timezone.utc), datetime.datetime(2025, 1, 22, 19, 24, 42, tzinfo=datetime.timezone.utc), datetime.datetime(2025, 1, 23, 9, 44, 2, tzinfo=datetime.timezone.utc)]"
petersburg,59.93,30.36,60,1,650,40,wide,0,"[datetime.datetime(2025, 1, 22, 8, 42, 48, tzinfo=datetime.timezone.utc)]","[datetime.datetime(2025, 1, 22, 8, 43, 8, tzinfo=datetime.timezone.utc)]"
turku,60.25,22.07,60,1,640,40,wide,0,"[datetime.datetime(2025, 1, 22, 19, 24, 44, tzinfo=datetime.timezone.utc)]","[datetime.datetime(2025, 1, 22, 19, 24, 54, tzinfo=datetime.timezone.utc)]"
saaremaa,58.42,22.64,60,1,630,40,wide,0,"[datetime.datetime(2025, 1, 22, 19, 24, 19, tzinfo=datetime.timezone.utc)]","[datetime.datetime(2025, 1, 22, 19, 24, 23, tzinfo=datetime.timezone.utc)]"
bermuda,32.38,-64.77,60,1,620,30,wide,0,"[datetime.datetime(2025, 1, 22, 2, 5, 3, tzinfo=datetime.timezone.utc)]","[datetime.datetime(2025, 1, 22, 2, 4, 35, tzinfo=datetime.timezone.utc)]"
bahamas,25.02,-77.35,60,1,610,30,wide,0,"[datetime.datetime(2025, 1, 22, 15, 8, 7, tzinfo=datetime.timezone.utc)]","[datetime.datetime(2025, 1, 22, 15, 7, 22, tzinfo=datetime.timezone.utc)]"
galapagos,-0.63,-90.37,60,1,600,30,wide,0,"[datetime.datetime(2025, 1, 21, 15, 46, 59, tzinfo=datetime.timezone.utc)]","[datetime.datetime(2025, 1, 21, 15, 46, 14, tzinfo=datetime.timezone.utc)]"
sthelena,-15.97,-5.71,60,1,590,30,wide,0,[],[]
ascension,-7.94,-14.37,60,1,580,30,wide,0,[],[]
tristandacunha,-37.11,-12.28,60,1,570,30,wide,0,[],[]
easter,-27.14,-109.35,60,1,560,30,wide,0,"[datetime.datetime(2025, 1, 22, 16, 55, tzinfo=datetime.timezone.utc)]","[datetime.datetime(2025, 1, 22, 16, 55, 19, tzinfo=datetime.timezone.utc)]"
lakebeysehir,37.77,31.52,60,1,550,30,wide,0,"[datetime.datetime(2025, 1, 22, 19, 18, 47, tzinfo=datetime.timezone.utc), datetime.datetime(2025, 1, 23, 8, 16, 31, tzinfo=datetime.timezone.utc)]","[datetime.datetime(2025, 1, 22, 19, 18, 53, tzinfo=datetime.timezone.utc), datetime.datetime(2025, 1, 23, 8, 16, 42, tzinfo=datetime.timezone.utc)]"
lakeegirdir,38.04,30.88,60,1,540,30,wide,0,"[datetime.datetime(2025, 1, 22, 19, 18, 59, tzinfo=datetime.timezone.utc), datetime.datetime(2025, 1, 23, 8, 16, 26, tzinfo=datetime.timezone.utc)]","[datetime.datetime(2025, 1, 22, 19, 18, 52, tzinfo=datetime.timezone.utc), datetime.datetime(2025, 1, 23, 8, 16, 43, tzinfo=datetime.timezone.utc)]"
lakeurmia,37.70,45.39,60,1,530,30,wide,0,"[datetime.datetime(2025, 1, 22, 7, 14, 52, tzinfo=datetime.timezone.utc)]","[datetime.datetime(2025, 1, 22, 7, 15, 11, tzinfo=datetime.timezone.utc)]"
gulfofcampeche,19.91,-92.10,60,1,520,25,wide,0,[],[]
chesapeake,37.79,-76.10,60,1,510,25,wide,0,[],[]
delaware,39.00,-75.15,60,1,500,25,wide,0,[],[]
baltimore,38.90,-76.39,60,1,490,25,wide,0,[],[]
princewilliam,60.61,-147.16,60,1,480,25,wide,0,"[datetime.datetime(2025, 1, 22, 6, 53, 48, tzinfo=datetime.timezone.utc)]","[datetime.datetime(2025, 1, 22, 6, 54, 7, tzinfo=datetime.timezone.utc)]"
kotzbue,66.88,-162.62,60,1,470,25,wide,0,"[datetime.datetime(2025, 1, 21, 21, 44, 3, tzinfo=datetime.timezone.utc), datetime.datetime(2025, 1, 23, 7, 57, 25, tzinfo=datetime.timezone.utc)]","[datetime.datetime(2025, 1, 21, 21, 44, 16, tzinfo=datetime.timezone.utc), datetime.datetime(2025, 1, 23, 7, 56, 59, tzinfo=datetime.timezone.utc)]"
barbados,13.16,-59.55,60,1,460,20,wide,0,[],[]
mauritius,-20.45,57.55,60,1,450,25,wide,0,"[datetime.datetime(2025, 1, 22, 5, 56, 13, tzinfo=datetime.timezone.utc)]","[datetime.datetime(2025, 1, 22, 5, 56, 30, tzinfo=datetime.timezone.utc)]"
capescott,50.85,-128.22,60,1,440,25,wide,0,[],[]
iesjavri,69.65,24.18,60,1,430,25,wide,0,"[datetime.datetime(2025, 1, 23, 9, 41, 46, tzinfo=datetime.timezone.utc)]","[datetime.datetime(2025, 1, 23, 9, 42, 6, tzinfo=datetime.timezone.utc)]"
nanga,-25.57,113.40,60,1,420,20,wide,0,[],[]
chad,13.12,14.52,60,1,410,20,wide,0,"[datetime.datetime(2025, 1, 22, 8, 55, 32, tzinfo=datetime.timezone.utc), datetime.datetime(2025, 1, 22, 20, 46, 5, tzinfo=datetime.timezone.utc)]","[datetime.datetime(2025, 1, 22, 8, 55, 18, tzinfo=datetime.timezone.utc), datetime.datetime(2025, 1, 22, 20, 46, 18, tzinfo=datetime.timezone.utc)]"
adelaide,-34.95,138.20,60,1,400,20,wide,0,[],[]
wollaston,-55.73,-67.47,60,1,390,25,wide,0,"[datetime.datetime(2025, 1, 22, 3, 15, 28, tzinfo=datetime.timezone.utc), datetime.datetime(2025, 1, 22, 13, 54, 59, tzinfo=datetime.timezone.utc)]","[datetime.datetime(2025, 1, 22, 3, 15, 41, tzinfo=datetime.timezone.utc), datetime.datetime(2025, 1, 22, 13, 54, 48, tzinfo=datetime.timezone.utc)]"
manatiales,-52.48,-68.59,60,1,380,20,wide,0,"[datetime.datetime(2025, 1, 22, 3, 16, 22, tzinfo=datetime.timezone.utc), datetime.datetime(2025, 1, 22, 13, 53, 57, tzinfo=datetime.timezone.utc)]","[datetime.datetime(2025, 1, 22, 3, 16, 29, tzinfo=datetime.timezone.utc), datetime.datetime(2025, 1, 22, 13, 54, 16, tzinfo=datetime.timezone.utc)]"
chapala,20.24,-103.07,60,1,370,20,wide,0,"[datetime.datetime(2025, 1, 23, 4, 37, 7, tzinfo=datetime.timezone.utc)]","[datetime.datetime(2025, 1, 23, 4, 37, 25, tzinfo=datetime.timezone.utc)]"
hooghly,21.85,88.06,60,1,360,20,wide,0,"[datetime.datetime(2025, 1, 22, 4, 11, 22, tzinfo=datetime.timezone.utc)]","[datetime.datetime(2025, 1, 22, 4, 11, 38, tzinfo=datetime.timezone.utc)]"
sittwe,20.13,92.81,60,1,350,20,wide,0,[],[]
tharthar,33.87,43.32,60,1,340,20,wide,0,"[datetime.datetime(2025, 1, 22, 7, 15, 59, tzinfo=datetime.timezone.utc)]","[datetime.datetime(2025, 1, 22, 7, 16, 11, tzinfo=datetime.timezone.utc)]"
kutch,22.59,68.96,60,1,330,20,wide,0,[],[]
magellan,-53.24,-70.69,60,1,320,20,wide,0,"[datetime.datetime(2025, 1, 22, 3, 16, 9, tzinfo=datetime.timezone.utc), datetime.datetime(2025, 1, 22, 13, 54, 13, tzinfo=datetime.timezone.utc)]","[datetime.datetime(2025, 1, 22, 3, 16, 30, tzinfo=datetime.timezone.utc), datetime.datetime(2025, 1, 22, 13, 54, 33, tzinfo=datetime.timezone.utc)]"
kampala,0.18,32.60,60,1,310,20,wide,0,"[datetime.datetime(2025, 1, 21, 19, 41, tzinfo=datetime.timezone.utc)]","[datetime.datetime(2025, 1, 21, 19, 41, 15, tzinfo=datetime.timezone.utc)]"
mumbai,18.88,72.80,60,1,300,20,wide,0,"[datetime.datetime(2025, 1, 23, 5, 13, 46, tzinfo=datetime.timezone.utc)]","[datetime.datetime(2025, 1, 23, 5, 14, 5, tzinfo=datetime.timezone.utc)]"
cocibolca,11.56,-85.41,60,1,290,20,wide,0,"[datetime.datetime(2025, 1, 21, 15, 43, 8, tzinfo=datetime.timezone.utc), datetime.datetime(2025, 1, 22, 3, 33, 11, tzinfo=datetime.timezone.utc)]","[datetime.datetime(2025, 1, 21, 15, 43, 27, tzinfo=datetime.timezone.utc), datetime.datetime(2025, 1, 22, 3, 33, 25, tzinfo=datetime.timezone.utc)]"
mobile,30.28,-87.99,60,1,280,25,wide,0,"[datetime.datetime(2025, 1, 22, 3, 38, 16, tzinfo=datetime.timezone.utc)]","[datetime.datetime(2025, 1, 22, 3, 38, tzinfo=datetime.timezone.utc)]"
neworleans,29.78,-90.16,60,1,270,25,wide,0,"[datetime.datetime(2025, 1, 22, 3, 37, 57, tzinfo=datetime.timezone.utc)]","[datetime.datetime(2025, 1, 22, 3, 38, 16, tzinfo=datetime.timezone.utc)]"
galveston,29.25,-94.77,60,1,260,20,wide,0,"[datetime.datetime(2025, 1, 22, 16, 40, 34, tzinfo=datetime.timezone.utc)]","[datetime.datetime(2025, 1, 22, 16, 39, 56, tzinfo=datetime.timezone.utc)]"
funchal,32.75,-17.03,60,1,250,20,wide,0,[],[]
panama,9.12,-79.69,60,1,240,20,wide,0,"[datetime.datetime(2025, 1, 22, 15, 11, 52, tzinfo=datetime.timezone.utc), datetime.datetime(2025, 1, 23, 3, 0, 46, tzinfo=datetime.timezone.utc)]","[datetime.datetime(2025, 1, 22, 15, 11, 53, tzinfo=datetime.timezone.utc), datetime.datetime(2025, 1, 23, 3, 0, 29, tzinfo=datetime.timezone.utc)]"
corpuschristi,27.72,-97.13,60,1,230,20,wide,0,"[datetime.datetime(2025, 1, 22, 16, 40, 36, tzinfo=datetime.timezone.utc)]","[datetime.datetime(2025, 1, 22, 16, 40, 54, tzinfo=datetime.timezone.utc)]"
puertodeseado,-47.77,-65.76,60,1,220,20,wide,0,"[datetime.datetime(2025, 1, 22, 13, 52, 44, tzinfo=datetime.timezone.utc), datetime.datetime(2025, 1, 23, 2, 45, 30, tzinfo=datetime.timezone.utc)]","[datetime.datetime(2025, 1, 22, 13, 52, 53, tzinfo=datetime.timezone.utc), datetime.datetime(2025, 1, 23, 2, 45, 47, tzinfo=datetime.timezone.utc)]"
portauprince,18.63,-72.50,60,1,210,25,wide,0,[],[]
lakevolta,7.28,0.11,60,1,200,20,wide,0,[],[]
yangon,16.46,96.35,60,1,190,20,wide,0,"[datetime.datetime(2025, 1, 23, 3, 40, 32, tzinfo=datetime.timezone.utc)]","[datetime.datetime(2025, 1, 23, 3, 40, 48, tzinfo=datetime.timezone.utc)]"
toliara,-23.54,43.69,60,1,180,20,wide,0,"[datetime.datetime(2025, 1, 22, 19, 3, 11, tzinfo=datetime.timezone.utc)]","[datetime.datetime(2025, 1, 22, 19, 2, 29, tzinfo=datetime.timezone.utc)]"
jaffna,9.45,80.31,60,1,170,20,wide,0,"[datetime.datetime(2025, 1, 21, 16, 35, 48, tzinfo=datetime.timezone.utc)]","[datetime.datetime(2025, 1, 21, 16, 35, 36, tzinfo=datetime.timezone.utc)]"
nile,23.33,32.93,60,1,160,20,wide,0,[],[]
tripoli,32.95,13.20,60,1,150,20,wide,0,"[datetime.datetime(2025, 1, 22, 20, 51, 20, tzinfo=datetime.timezone.utc)]","[datetime.datetime(2025, 1, 22, 20, 51, 10, tzinfo=datetime.timezone.utc)]"
mariamadre,21.63,-106.59,60,1,140,20,wide,0,"[datetime.datetime(2025, 1, 21, 17, 14, 21, tzinfo=datetime.timezone.utc)]","[datetime.datetime(2025, 1, 21, 17, 14, 39, tzinfo=datetime.timezone.utc)]"
turkana,4.13,36.04,60,1,130,20,wide,0,"[datetime.datetime(2025, 1, 22, 7, 24, 9, tzinfo=datetime.timezone.utc)]","[datetime.datetime(2025, 1, 22, 7, 23, 42, tzinfo=datetime.timezone.utc)]"
nemuro,43.46,145.66,60,1,120,25,wide,0,[],[]
sapporo,43.26,141.25,60,1,110,25,wide,0,"[datetime.datetime(2025, 1, 21, 12, 2, 55, tzinfo=datetime.timezone.utc), datetime.datetime(2025, 1, 22, 0, 57, 57, tzinfo=datetime.timezone.utc)]","[datetime.datetime(2025, 1, 21, 12, 3, 13, tzinfo=datetime.timezone.utc), datetime.datetime(2025, 1, 22, 0, 58, 17, tzinfo=datetime.timezone.utc)]"
baikal,53.39,108.01,60,1,100,25,wide,0,"[datetime.datetime(2025, 1, 23, 3, 30, 49, tzinfo=datetime.timezone.utc)]","[datetime.datetime(2025, 1, 23, 3, 30, 57, tzinfo=datetime.timezone.utc)]"
kyiv,50.45,30.56,60,1,90,25,wide,0,"[datetime.datetime(2025, 1, 22, 19, 21, 56, tzinfo=datetime.timezone.utc)]","[datetime.datetime(2025, 1, 22, 19, 22, 10, tzinfo=datetime.timezone.utc)]"
atuona,-9.78,-139.10,60,1,80,25,wide,0,"[datetime.datetime(2025, 1, 21, 18, 57, 2, tzinfo=datetime.timezone.utc)]","[datetime.datetime(2025, 1, 21, 18, 56, 24, tzinfo=datetime.timezone.utc)]"
montenegro,42.26,18.78,60,1,70,25,quaternion,0,[],[]
tunis,36.92,10.37,60,1,60,25,wide,0,"[datetime.datetime(2025, 1, 22, 20, 52, 13, tzinfo=datetime.timezone.utc)]","[datetime.datetime(2025, 1, 22, 20, 52, 31, tzinfo=datetime.timezone.utc)]"
sitka,56.97,-135.53,60,1,50,25,wide,0,"[datetime.datetime(2025, 1, 22, 19, 40, 35, tzinfo=datetime.timezone.utc), datetime.datetime(2025, 1, 23, 6, 20, 41, tzinfo=datetime.timezone.utc)]","[datetime.datetime(2025, 1, 22, 19, 40, 55, tzinfo=datetime.timezone.utc), datetime.datetime(2025, 1, 23, 6, 20, 48, tzinfo=datetime.timezone.utc)]"
haida,54.39,-132.41,60,1,40,25,quaternion,0,"[datetime.datetime(2025, 1, 22, 19, 41, 36, tzinfo=datetime.timezone.utc)]","[datetime.datetime(2025, 1, 22, 19, 40, 55, tzinfo=datetime.timezone.utc)]"
kinshasa,-4.29,15.28,60,5,30,20,wide,0,"[datetime.datetime(2025, 1, 22, 9, 0, 1, tzinfo=datetime.timezone.utc)]","[datetime.datetime(2025, 1, 22, 8, 59, 31, tzinfo=datetime.timezone.utc)]"
malabo,8.69,3.51,60,5,20,20,wide,0,[],[]
santarem,-2.2,-54.7,60,5,10,20,wide,0,"[datetime.datetime(2025, 1, 22, 13, 41, 3, tzinfo=datetime.timezone.utc)]","[datetime.datetime(2025, 1, 22, 13, 40, 32, tzinfo=datetime.timezone.utc)]"
